CNPJ;Razão; Total Urnas ; Total Faturado ; Preço Médio ;Participação Produto;Participação Faturamento;IBGE;Município;UF; Distância ; ClassDistancia ; População ; Mercado ; Compra Média ;Assiduidade
47.863.166/0001-03;CONCESSIONARIA PREVER ADMINISTRACAO CEMI;13572; R$ 3,454,922.90 ; R$ 254.56 ;22.4%;19.6%;3550308;São Paulo;SP;116;200;11451999;4771.66625; 1,131.0 ;100%
27.630.446/0002-37;COMPANHIA BRASILEIRA DE SERVICOS FUNERAR;5165; R$ 1,730,625.00 ; R$ 335.07 ;8.5%;9.8%;3106200;Belo Horizonte;MG;495;500;2315560;964.8166667; 430.4 ;100%
05.959.893/0001-10;AGENCIA FUNERARIA SANTA CASA DE ACARI LT;3032; R$ 590,615.50 ; R$ 194.79 ;5.0%;3.4%;3304557;Rio de Janeiro;RJ;417;500;6211223;2588.009583; 252.7 ;68%
28.669.786/0006-68;FUNERARIA SAO SALVADOR LTDA             ;2650; R$ 705,900.00 ; R$ 266.38 ;4.4%;4.0%;3303500;Nova Iguaçu;RJ;388;500;785867;327.4445833; 220.8 ;68%
44.615.216/0001-37;CONCESSIONARIA DE CEMITERIOS E SERVICOS ;2509; R$ 646,063.50 ; R$ 257.50 ;4.1%;3.7%;3550308;São Paulo;SP;116;200;11451999;4771.66625; 209.1 ;100%
47.701.152/0001-85;SPE CONSORCIO CORTEL SP S.A             ;2509; R$ 742,501.00 ; R$ 295.94 ;4.1%;4.2%;3550308;São Paulo;SP;116;200;11451999;4771.66625; 209.1 ;100%
57.614.976/0001-71;SERVICO FUNERARIO DO MUNICIPIO DE SANTO ;1314; R$ 252,023.32 ; R$ 191.80 ;2.2%;1.4%;3547809;Santo André;SP;144;200;748919;312.0495833; 109.5 ;93%
20.097.717/0001-00;VALORIZE SERVICOS POSTUMOS LTDA ME      ;1173; R$ 360,153.00 ; R$ 307.04 ;1.9%;2.0%;3106200;Belo Horizonte;MG;495;500;2315560;964.8166667; 97.8 ;76%
33.459.801/0006-83;CENTER PAX PROMOTORA DE VENDAS LTDA EPP ;911; R$ 346,525.50 ; R$ 380.38 ;1.5%;2.0%;5300108;Brasília;DF;630;750;2817381;1173.90875; 75.9 ;42%
23.567.153/0001-10;FUNERAL SANTA FE LTDA                   ;612; R$ 141,408.84 ; R$ 231.06 ;1.0%;0.8%;3513801;Diadema;SP;138;200;393237;163.84875; 51.0 ;53%
07.671.929/0001-91;FUNERARIA MOTTA LTDA ME                 ;551; R$ 160,286.80 ; R$ 290.90 ;0.9%;0.9%;3507605;Bragança Paulista;SP;109;200;176811;73.67125; 45.9 ;100%
46.522.959/0001-98;PREFEITURA MUNICIPAL DE MAUA            ;545; R$ 111,325.00 ; R$ 204.27 ;0.9%;0.6%;3529401;Mauá;SP;150;200;418261;174.2754167; 45.4 ;33%
74.138.470/0001-52;PORTAL DO SOL ADMINISTRACAO E SERVICOS F;544; R$ 187,626.40 ; R$ 344.90 ;0.9%;1.1%;5208004;Formosa;GO;668;750;115901;48.29208333; 45.3 ;42%
23.567.153/0002-00;FUNERAL SANTA FE                        ;526; R$ 124,422.16 ; R$ 236.54 ;0.9%;0.7%;3510500;Caraguatatuba;SP;256;300;134873;56.19708333; 43.8 ;53%
29.671.468/0001-90;FUNERARIA OSWALDO CRUZ LTDA             ;519; R$ 181,029.70 ; R$ 348.80 ;0.9%;1.0%;3303906;Petrópolis;RJ;430;500;278881;116.2004167; 43.3 ;85%
00.890.716/0001-01;ASSIBRAFF ASS BRASILEIRA DE ATENDIMENTO ;495; R$ 151,841.75 ; R$ 306.75 ;0.8%;0.9%;3530607;Mogi das Cruzes;SP;159;200;451505;188.1270833; 41.3 ;88%
17.209.891/0008-60;SANTA CASA DE MISERICORDIA DE BELO HORIZ;465; R$ 167,543.86 ; R$ 360.31 ;0.8%;1.0%;3106200;Belo Horizonte;MG;495;500;2315560;964.8166667; 38.8 ;100%
46.523.247/0001-93;MUNICIPIO DE DIADEMA                    ;430; R$ 122,480.00 ; R$ 284.84 ;0.7%;0.7%;3513801;Diadema;SP;138;200;393237;163.84875; 35.8 ;32%
07.646.676/0001-04;CONCEL - ASSISTENCIA FUNERAL E FUNERARIA;402; R$ 113,768.00 ; R$ 283.00 ;0.7%;0.6%;3544103;Rio Grande da Serra;SP;161;200;44170;18.40416667; 33.5 ;0%
50.778.851/0001-38;EMPRESA MUNIC DE DESEMVOLV URBANO RURAL ;400; R$ 80,000.00 ; R$ 200.00 ;0.7%;0.5%;3506003;Bauru;SP;149;200;379146;157.9775; 33.3 ;33%
10.268.003/0001-64;FUNDO MUNICIPAL DE ASSISTENCIA SOCIAL   ;390; R$ 118,002.00 ; R$ 302.57 ;0.6%;0.7%;3300407;Barra Mansa;RJ;316;500;169894;70.78916667; 32.5 ;51%
27.630.446/0005-80;COMPANHIA BRASILEIRA DE SERVICOS FUNERAR;386; R$ 129,477.00 ; R$ 335.43 ;0.6%;0.7%;3105608;Barbacena;MG;481;500;125317;52.21541667; 32.2 ;9%
05.162.260/0001-87;ORGANIZACAO ASSISTENCIAL DE LUTO SANTO E;371; R$ 98,976.00 ; R$ 266.78 ;0.6%;0.6%;3538006;Pindamonhangaba;SP;207;300;165428;68.92833333; 30.9 ;28%
61.610.473/0001-03;FUNERARIA LITORANEA LTDA ME             ;362; R$ 108,863.20 ; R$ 300.73 ;0.6%;0.6%;3555406;Ubatuba;SP;274;300;92981;38.74208333; 30.2 ;68%
27.630.446/0014-70;COMPANHIA BRASILEIRA DE SERVICOS FUNERAR;357; R$ 119,096.00 ; R$ 333.60 ;0.6%;0.7%;3167202;Sete Lagoas;MG;522;750;227397;94.74875; 29.8 ;100%
43.465.459/0001-73;PREFEITURA MUNICIPAL DE AMPARO          ;355; R$ 84,445.00 ; R$ 237.87 ;0.6%;0.5%;3501905;Amparo;SP;91.2;100;68008;28.33666667; 29.6 ;58%
02.136.965/0001-31;JOAO CORREIA DA SILVA APIAI - ME        ;336; R$ 55,405.00 ; R$ 164.90 ;0.6%;0.3%;3502705;Apiaí;SP;266;300;24585;10.24375; 28.0 ;50%
06.249.766/0001-90;FUNERARIA PARAISO JANDIRA EIRELI        ;324; R$ 100,326.46 ; R$ 309.65 ;0.5%;0.6%;3525003;Jandira;SP;121;200;118045;49.18541667; 27.0 ;99%
27.630.446/0215-87;COMPANHIA BRASILEIRA DE SERVICOS FUNERAR;317; R$ 101,619.00 ; R$ 320.56 ;0.5%;0.6%;3152105;Ponte Nova;MG;657;750;57776;24.07333333; 26.4 ;34%
02.142.893/0001-35;FUNERARIA OLVP LTDA-ME                  ;315; R$ 92,038.10 ; R$ 292.18 ;0.5%;0.5%;3523404;Itatiba;SP;80.4;100;121590;50.6625; 26.3 ;100%
04.371.612/0001-41;FUNERARIA DIVINOPOLIS LTDA              ;304; R$ 107,417.40 ; R$ 353.35 ;0.5%;0.6%;3122306;Divinópolis;MG;385;500;231091;96.28791667; 25.3 ;92%
73.737.678/0001-25;UEMURA E SAMPAIO LTDA                   ;300; R$ 83,000.00 ; R$ 276.67 ;0.5%;0.5%;5003702;Dourados;MS;943;1000;243367;101.4029167; 25.0 ;1%
01.946.584/0001-55;NILTON CESAR VIEIRA PINDAMONHANGABA     ;289; R$ 68,466.00 ; R$ 236.91 ;0.5%;0.4%;3538006;Pindamonhangaba;SP;207;300;165428;68.92833333; 24.1 ;66%
28.451.038/0001-08;CARIOCA - COMERCIO DE PRODUTOS FUNERARIO;260; R$ 68,000.00 ; R$ 261.54 ;0.4%;0.4%;3304904;São Gonçalo;RJ;433;500;896744;373.6433333; 21.7 ;1%
35.099.853/0001-07;FENIX SERVICOS POSTUMOS LTDA            ;257; R$ 83,682.76 ; R$ 325.61 ;0.4%;0.5%;5214507;Nerópolis;GO;562;750;31932;13.305; 21.4 ;91%
22.138.145/0001-96;SOMATO SERVICOS FUNERARIOS E SOMATOCONSE;254; R$ 100,672.00 ; R$ 396.35 ;0.4%;0.6%;3106200;Belo Horizonte;MG;495;500;2315560;964.8166667; 21.2 ;36%
30.649.867/0001-33;FUNERARIA CASA MUSSEL LTDA.             ;241; R$ 80,948.80 ; R$ 335.89 ;0.4%;0.5%;3303906;Petrópolis;RJ;430;500;278881;116.2004167; 20.1 ;12%
45.260.916/0001-19;BONINI E DAUD OLIMPIA LTDA - ME         ;240; R$ 78,645.31 ; R$ 327.69 ;0.4%;0.4%;3533908;Olímpia;SP;205;300;55074;22.9475; 20.0 ;53%
31.538.309/0001-63;SERVICO FUNERARIO DE ITAIPAVA LTDA      ;218; R$ 71,802.20 ; R$ 329.37 ;0.4%;0.4%;3303906;Petrópolis;RJ;430;500;278881;116.2004167; 18.2 ;12%
18.884.418/0001-74;CLANAFF SERVICOS E ASSISTENCIA FUNERAL L;213; R$ 60,274.10 ; R$ 282.98 ;0.4%;0.3%;3302205;Itaperuna;RJ;635;750;101041;42.10041667; 17.8 ;2%
49.983.166/0001-64;ORGANIZACAO SOCIAL DE LUTO VOTUPORANGA  ;210; R$ 52,360.00 ; R$ 249.33 ;0.3%;0.3%;3557105;Votuporanga;SP;264;300;96634;40.26416667; 17.5 ;67%
25.401.500/0001-66;PARAISO ASSISTENCIA FAMILIAR EIRELI     ;207; R$ 52,830.10 ; R$ 255.22 ;0.3%;0.3%;3550704;São Sebastião;SP;281;300;81595;33.99791667; 17.3 ;36%
61.349.098/0001-81;FUNESP SERVICO FUNERARIO E PLANO DE ASSI;206; R$ 51,013.40 ; R$ 247.64 ;0.3%;0.3%;3537602;Peruíbe;SP;236;300;68352;28.48; 17.2 ;58%
04.316.087/0002-42;FUNERARIA PARAISO ETERNO LTDA           ;203; R$ 73,063.28 ; R$ 359.92 ;0.3%;0.4%;5300108;Brasília;DF;630;750;2817381;1173.90875; 16.9 ;51%
21.070.041/0001-24;FUNERARIA PANAMBY LTDA                  ;200; R$ 54,573.00 ; R$ 272.87 ;0.3%;0.3%;3547304;Santana de Parnaíba;SP;114;200;154105;64.21041667; 16.7 ;88%
27.630.446/0260-31;COMPANHIA BRASILEIRA DE SERVICOS FUNERAR;190; R$ 61,190.00 ; R$ 322.05 ;0.3%;0.3%;3157807;Santa Luzia;MG;520;750;219132;91.305; 15.8 ;16%
48.995.740/0001-31;FUNERARIA CORACAO DE JESUS LTDA         ;190; R$ 51,670.00 ; R$ 271.95 ;0.3%;0.3%;3507506;Botucatu;SP;132;200;145155;60.48125; 15.8 ;8%
39.226.311/0001-09;J R B COM DE ARTIGOS FUNERARIOS LTDA EPP;190; R$ 78,022.70 ; R$ 410.65 ;0.3%;0.4%;3301009;Campos dos Goytacazes;RJ;629;750;483540;201.475; 15.8 ;11%
46.319.000/0001-50;MUNICIPIO DE GUARULHOS                  ;190; R$ 93,750.00 ; R$ 493.42 ;0.3%;0.5%;3518800;Guarulhos;SP;128;200;1291771;538.2379167; 15.8 ;3%
50.228.121/0001-63;EMPRESA FUNERARIA BARBIERI DE ITU LTDA E;186; R$ 43,866.00 ; R$ 235.84 ;0.3%;0.2%;3523909;Itu;SP;82.9;100;168240;70.1; 15.5 ;28%
67.808.592/0001-43;ROGERIO E ROGERIO LTDA EPP              ;177; R$ 61,863.50 ; R$ 349.51 ;0.3%;0.4%;3556503;Várzea Paulista;SP;93.6;100;115771;48.23791667; 14.8 ;59%
16.823.205/0002-98;CONSELHO CENTRAL DE ARAGUARI DA SOC S VI;172; R$ 92,657.50 ; R$ 538.71 ;0.3%;0.5%;3103504;Araguari;MG;341;500;117808;49.08666667; 14.3 ;33%
04.102.236/0001-90;FORTALEZA SERVICOS DE LUTO LTDA         ;171; R$ 37,060.00 ; R$ 216.73 ;0.3%;0.2%;3504800;Bálsamo;SP;226;300;9596;3.998333333; 14.3 ;18%
21.131.781/0001-23;ONOKAWA GESTAO DE PROCESSOS FUNERARIOS L;170; R$ 57,894.50 ; R$ 340.56 ;0.3%;0.3%;3518800;Guarulhos;SP;128;200;1291771;538.2379167; 14.2 ;36%
47.487.822/0001-02;EUGENIO PINTO DE FREITAS ME             ;170; R$ 36,746.10 ; R$ 216.15 ;0.3%;0.2%;3508504;Caçapava;SP;179;200;96202;40.08416667; 14.2 ;2%
49.697.527/0001-06;EMPRESA FUNERARIA CAMARGO LTDA          ;164; R$ 52,760.00 ; R$ 321.71 ;0.3%;0.3%;3522307;Itapetininga;SP;131;200;157790;65.74583333; 13.7 ;57%
07.516.133/0001-64;SANTA CASA SERVICOS FUNERARIOS LTDA     ;163; R$ 68,811.30 ; R$ 422.16 ;0.3%;0.4%;5300108;Brasília;DF;630;750;2817381;1173.90875; 13.6 ;43%
07.512.039/0001-37;SERVICOS FUNERARIOS SANTA CASA RIO DE JA;161; R$ 77,610.00 ; R$ 482.05 ;0.3%;0.4%;3303203;Nilópolis;RJ;396;500;146774;61.15583333; 13.4 ;80%
49.413.800/0001-23;SETEC SERVICOS TECNICOS GERAIS          ;154; R$ 69,401.60 ; R$ 450.66 ;0.3%;0.4%;3509502;Campinas;SP;56;100;1139047;474.6029167; 12.8 ;58%
47.194.064/0001-34;FUNERARIA ALVES AM LTDA                 ;153; R$ 50,732.10 ; R$ 331.58 ;0.3%;0.3%;3501608;Americana;SP;34.1;100;237240;98.85; 12.8 ;42%
27.630.446/0017-13;COMPANHIA BRASILEIRA DE SERVICOS FUNERAR;149; R$ 49,053.00 ; R$ 329.21 ;0.2%;0.3%;3171303;Viçosa;MG;614;750;76430;31.84583333; 12.4 ;33%
48.368.758/0001-03;KLEYSON ALEXANDRE DOS SANTOS LTDA       ;144; R$ 50,700.50 ; R$ 352.09 ;0.2%;0.3%;3161007;São Domingos do Prata;MG;626;750;17392;7.246666667; 12.0 ;61%
27.630.446/0088-07;COMPANHIA BRASILEIRA DE SERVICOS FUNERAR;142; R$ 45,145.00 ; R$ 317.92 ;0.2%;0.3%;3131901;Itabirito;MG;542;750;53365;22.23541667; 11.8 ;9%
45.505.492/0001-05;FAGANELO E CIA LTDA ME                  ;141; R$ 46,935.00 ; R$ 332.87 ;0.2%;0.3%;3510807;Casa Branca;SP;92;100;28083;11.70125; 11.8 ;67%
08.712.120/0001-23;CLAUDOMIRO PINHEIRO                     ;140; R$ 51,830.48 ; R$ 370.22 ;0.2%;0.3%;3143104;Monte Carmelo;MG;380;500;47692;19.87166667; 11.7 ;58%
40.886.325/0001-38;DJE SERVICOS FUNERARIOS LTDA            ;137; R$ 41,254.00 ; R$ 301.12 ;0.2%;0.2%;3101904;Alpinópolis;MG;227;300;18300;7.625; 11.4 ;51%
18.629.840/0001-83;PREFEITURA MUNICIPAL DE POCOS DE CALDAS ;135; R$ 27,050.00 ; R$ 200.37 ;0.2%;0.2%;3151800;Poços de Caldas;MG;135;200;163742;68.22583333; 11.3 ;1%
51.066.074/0001-61;GLORIA MARQUES DE AGUIAR NOBREGA ME     ;134; R$ 32,705.00 ; R$ 244.07 ;0.2%;0.2%;3520301;Iguape;SP;282;300;29115;12.13125; 11.2 ;92%
54.334.743/0001-27;ORGANIZACAO CONSLAC LTDA                ;131; R$ 45,451.15 ; R$ 346.96 ;0.2%;0.3%;3550605;São Roque;SP;117;200;79484;33.11833333; 10.9 ;56%
03.442.244/0001-12;ORGANIZACAO SAO LAZARO DE LUTO LTDA - ME;131; R$ 33,460.00 ; R$ 255.42 ;0.2%;0.2%;3513504;Cubatão;SP;171;200;112476;46.865; 10.9 ;34%
28.636.997/0001-90;FUNERARIA VALORIZE SANTA LUZIA LTDA     ;129; R$ 40,155.00 ; R$ 311.28 ;0.2%;0.2%;3157807;Santa Luzia;MG;520;750;219132;91.305; 10.8 ;2%
27.630.446/0135-68;COMPANHIA BRASILEIRA DE SERVICOS FUNERAR;129; R$ 41,497.00 ; R$ 321.68 ;0.2%;0.2%;3162500;São João del Rei;MG;414;500;90225;37.59375; 10.8 ;3%
56.260.326/0001-02;EMPRESA FUNERARIA MONTE MOR LTDA        ;121; R$ 36,573.00 ; R$ 302.26 ;0.2%;0.2%;3531803;Monte Mor;SP;55.2;100;64662;26.9425; 10.1 ;16%
08.549.699/0001-55;G C DE FREITAS GONCALVES ME             ;120; R$ 36,182.00 ; R$ 301.52 ;0.2%;0.2%;3530805;Mogi Mirim;SP;50;100;92558;38.56583333; 10.0 ;92%
08.223.260/0001-38;PORTO REAL FUNERARIA E CAPELA LTDA      ;119; R$ 42,141.00 ; R$ 354.13 ;0.2%;0.2%;3304110;Porto Real;RJ;306;500;20373;8.48875; 9.9 ;35%
46.523.015/0001-35;PREFEITURA MUNICIPAL DE BARUERI         ;118; R$ 54,575.00 ; R$ 462.50 ;0.2%;0.3%;3505708;Barueri;SP;118;200;316473;131.86375; 9.8 ;56%
58.008.561/0001-17;SAUDADES FLORES LTDA                    ;116; R$ 38,142.35 ; R$ 328.81 ;0.2%;0.2%;3552809;Taboão da Serra;SP;126;200;273542;113.9758333; 9.7 ;50%
32.512.501/0001-43;MUNICIPIO DE VOLTA REDONDA              ;113; R$ 42,940.00 ; R$ 380.00 ;0.2%;0.2%;3306305;Volta Redonda;RJ;332;500;261563;108.9845833; 9.4 ;16%
02.539.867/0002-26;EMPRESA FUNERARIA SCHUNCK LTDA          ;113; R$ 38,471.00 ; R$ 340.45 ;0.2%;0.2%;3506359;Bertioga;SP;210;300;64188;26.745; 9.4 ;50%
58.087.953/0001-19;FUNERARIA SAGRADOS CORACOES             ;111; R$ 25,380.50 ; R$ 228.65 ;0.2%;0.1%;3527207;Lorena;SP;235;300;84855;35.35625; 9.3 ;36%
55.266.381/0001-47;EMPRESA FUNERARIA SALTENSE LTDA EPP     ;110; R$ 36,930.00 ; R$ 335.73 ;0.2%;0.2%;3545209;Salto;SP;78.5;100;134319;55.96625; 9.2 ;63%
18.373.321/0001-05;VALDO DE SOUZA MACIEL 99227177604       ;108; R$ 35,292.00 ; R$ 326.78 ;0.2%;0.2%;3120805;Cruzília;MG;319;500;15362;6.400833333; 9.0 ;34%
07.802.377/0001-03;FUNERARIA DINAMICA LTDA                 ;106; R$ 36,985.40 ; R$ 348.92 ;0.2%;0.2%;5300108;Brasília;DF;630;750;2817381;1173.90875; 8.8 ;34%
02.390.494/0001-93;FLORICULTURA MONSENHOR CRISANTEMO LTDA  ;105; R$ 38,621.10 ; R$ 367.82 ;0.2%;0.2%;3304904;São Gonçalo;RJ;433;500;896744;373.6433333; 8.8 ;42%
27.630.446/0046-58;COMPANHIA BRASILEIRA DE SERVICOS FUNERAR;102; R$ 31,744.00 ; R$ 311.22 ;0.2%;0.2%;3205200;Vila Velha;ES;856;1000;467722;194.8841667; 8.5 ;1%
27.630.446/0024-42;COMPANHIA BRASILEIRA DE SERVICOS FUNERAR;102; R$ 32,380.00 ; R$ 317.45 ;0.2%;0.2%;3118007;Congonhas;MG;528;750;52890;22.0375; 8.5 ;2%
45.228.319/0001-07;MUNICIPIO DE CRAVINHOS                  ;100; R$ 25,000.00 ; R$ 250.00 ;0.2%;0.1%;3513108;Cravinhos;SP;104;200;33281;13.86708333; 8.3 ;9%
53.274.781/0001-79;GENESIS NEGOCIOS E SERVICOS LTDA        ;100; R$ 30,870.00 ; R$ 308.70 ;0.2%;0.2%;3529401;Mauá;SP;150;200;418261;174.2754167; 8.3 ;9%
27.630.446/0034-14;COMPANHIA BRASILEIRA DE SERVICOS FUNER  ;100; R$ 31,510.00 ; R$ 315.10 ;0.2%;0.2%;3120904;Curvelo;MG;578;750;80665;33.61041667; 8.3 ;33%
18.382.308/0001-04;FLOR ETERNA SERVICOS POSTUMOS LTDA ME   ;96; R$ 28,014.00 ; R$ 291.81 ;0.2%;0.2%;5212501;Luziânia;GO;573;750;209129;87.13708333; 8.0 ;9%
60.567.461/0001-72;DISTRITAL SERVICOS FUNERARIOS           ;95; R$ 28,490.00 ; R$ 299.89 ;0.2%;0.2%;5300108;Brasília;DF;630;750;2817381;1173.90875; 7.9 ;10%
11.381.459/0001-07;GRUPO MOTTA E NOSSA SENHORA DO CARMO  LT;95; R$ 27,284.40 ; R$ 287.20 ;0.2%;0.2%;3110608;Cambuí;MG;162;200;29536;12.30666667; 7.9 ;40%
14.089.829/0001-17;TIAGO P. DOS REIS FUNERARIA LTDA        ;95; R$ 30,638.35 ; R$ 322.51 ;0.2%;0.2%;3302007;Itaguaí;RJ;389;500;116841;48.68375; 7.9 ;28%
01.051.606/0001-19;EMPRESA FUNERARIA SAO SEBASTIAO LTDA    ;91; R$ 40,881.50 ; R$ 449.25 ;0.2%;0.2%;5201108;Anápolis;GO;581;750;398869;166.1954167; 7.6 ;33%
17.776.956/0001-82;FUNERARIA UBERABA LTDA                  ;90; R$ 28,954.00 ; R$ 321.71 ;0.1%;0.2%;3170107;Uberaba;MG;241;300;337836;140.765; 7.5 ;17%
34.565.907/0001-10;SERVICO FUNERARIO ARGEU LTDA            ;88; R$ 30,351.00 ; R$ 344.90 ;0.1%;0.2%;3548807;São Caetano do Sul;SP;137;200;165655;69.02291667; 7.3 ;68%
06.263.835/0001-10;S L ASSISTENCIA FAMILIAR LTDA           ;88; R$ 32,030.30 ; R$ 363.98 ;0.1%;0.2%;5300108;Brasília;DF;630;750;2817381;1173.90875; 7.3 ;51%
74.430.851/0002-91;EMPRESA SANTA CLARA - EIRELI - EPP      ;87; R$ 22,540.00 ; R$ 259.08 ;0.1%;0.1%;3163706;São Lourenço;MG;294;300;44798;18.66583333; 7.3 ;2%
10.661.233/0002-70;FUNERARIA CAMPOS LTDA                   ;85; R$ 24,339.00 ; R$ 286.34 ;0.1%;0.1%;3552809;Taboão da Serra;SP;126;200;273542;113.9758333; 7.1 ;27%
03.530.477/0001-77;ORGANIZACAO SOCIAL DE LUTO PRADOPOLIS LT;84; R$ 24,799.20 ; R$ 295.23 ;0.1%;0.1%;3540903;Pradópolis;SP;132;200;17078;7.115833333; 7.0 ;35%
07.759.571/0001-53;FENIX SERVICOS FUNERARIOS ASSISTENCIAIS ;80; R$ 25,600.00 ; R$ 320.00 ;0.1%;0.1%;5204508;Caldas Novas;GO;469;500;98622;41.0925; 6.7 ;26%
20.893.863/0003-04;FUNERARIA NOSSA SENHORA APARECIDA DE ITA;80; R$ 33,880.00 ; R$ 423.50 ;0.1%;0.2%;3133808;Itaúna;MG;423;500;97669;40.69541667; 6.7 ;25%
10.609.635/0001-44;THIERRY AUGUSTO PINHEIRO                ;78; R$ 26,696.10 ; R$ 342.26 ;0.1%;0.2%;3553708;Taquaritinga;SP;137;200;52260;21.775; 6.5 ;58%
27.630.446/0291-38;COMPANHIA BRASILEIRA DE SERVICOS FUNERAR;77; R$ 25,294.00 ; R$ 328.49 ;0.1%;0.1%;3519071;Hortolândia;SP;48.5;100;236641;98.60041667; 6.4 ;34%
27.630.446/0143-78;COMPANHIA BRASILEIRA DE SERVICOS FUNERAR;74; R$ 23,140.00 ; R$ 312.70 ;0.1%;0.1%;3204906;São Mateus;ES;1057;9999;123752;51.56333333; 6.2 ;1%
50.381.037/0001-85;BERLINGIERI E CIA LTDA ME               ;71; R$ 21,830.00 ; R$ 307.46 ;0.1%;0.1%;3524303;Jaboticabal;SP;140;200;71821;29.92541667; 5.9 ;35%
59.613.612/0001-00;R C C NOGUEIRA FUNERARIA LTDA           ;70; R$ 29,153.85 ; R$ 416.48 ;0.1%;0.2%;3557105;Votuporanga;SP;264;300;96634;40.26416667; 5.8 ;2%
44.734.473/0001-98;SERVICO FUNERARIO ITAPIRENSE LTDA ME    ;69; R$ 17,555.40 ; R$ 254.43 ;0.1%;0.1%;3522604;Itapira;SP;64;100;72022;30.00916667; 5.8 ;41%
60.432.309/0001-82;LOURIVAL DOS SANTOS PIRES JUNIOR FUNERAR;68; R$ 20,726.56 ; R$ 304.80 ;0.1%;0.1%;3523602;Itirapina;SP;45.8;100;16148;6.728333333; 5.7 ;#DIV/0!
03.037.420/0001-30;E G MENDONCA FUNERARIA                  ;67; R$ 25,355.75 ; R$ 378.44 ;0.1%;0.1%;3535606;Paraibuna;SP;188;200;17667;7.36125; 5.6 ;51%
07.658.672/0001-38;SINSEF LTDA                             ;67; R$ 19,768.00 ; R$ 295.04 ;0.1%;0.1%;3503208;Araraquara;SP;95;100;242228;100.9283333; 5.6 ;33%
10.432.251/0001-07;MEMORIAL REDE DE ASSISTENCIA FAMILIAR LT;66; R$ 34,817.50 ; R$ 527.54 ;0.1%;0.2%;3106200;Belo Horizonte;MG;495;500;2315560;964.8166667; 5.5 ;66%
49.983.166/0003-26;ORGANIZACAO SOCIAL DE LUTO VOTUPORANGA L;65; R$ 16,050.00 ; R$ 246.92 ;0.1%;0.1%;3515509;Fernandópolis;SP;287;300;71186;29.66083333; 5.4 ;42%
28.885.580/0001-60;FUNERARIA SANTA TEREZINHA LTDA          ;65; R$ 26,572.50 ; R$ 408.81 ;0.1%;0.2%;3306008;Três Rios;RJ;442;500;78346;32.64416667; 5.4 ;10%
30.666.557/0001-27;BOM PASTOR JI SERVICOS FUNERARIOS LTDA  ;65; R$ 21,340.00 ; R$ 328.31 ;0.1%;0.1%;5212501;Luziânia;GO;573;750;209129;87.13708333; 5.4 ;34%
06.219.783/0001-85;FUNERARIA GOIANIA LTDA                  ;65; R$ 18,100.00 ; R$ 278.46 ;0.1%;0.1%;5201405;Aparecida de Goiânia;GO;517;750;527796;219.915; 5.4 ;33%
27.630.446/0282-47;COMPANHIA BRASILEIRA DE SERVICOS FUNERAR;64; R$ 22,208.00 ; R$ 347.00 ;0.1%;0.1%;3112307;Capelinha;MG;888;1000;39626;16.51083333; 5.3 ;24%
05.792.565/0001-72;R R J SERVICOS FUNERARIOS LTDA ME       ;63; R$ 18,550.96 ; R$ 294.46 ;0.1%;0.1%;3516200;Franca;SP;181;200;352536;146.89; 5.3 ;9%
57.109.944/0001-19;FUNERARIA SANTO ANTONIO IBIUNA LTDA ME  ;62; R$ 15,866.00 ; R$ 255.90 ;0.1%;0.1%;3519709;Ibiúna;SP;140;200;75605;31.50208333; 5.2 ;26%
51.361.202/0001-08;PORTIOLI R.R ASSISTENCIA FUNERAL LTDA   ;61; R$ 22,810.45 ; R$ 373.94 ;0.1%;0.1%;3530805;Mogi Mirim;SP;50;100;92558;38.56583333; 5.1 ;99%
20.362.031/0001-08;FENIX PLANOS ASSISTENCIAIS LTDA         ;60; R$ 21,516.50 ; R$ 358.61 ;0.1%;0.1%;5203302;Bela Vista de Goiás;GO;537;750;34445;14.35208333; 5.0 ;26%
01.495.998/0001-05;SERVICOS FUNERARIOS CARDOSO SANTOS LTDA ;60; R$ 26,590.00 ; R$ 443.17 ;0.1%;0.2%;3304557;Rio de Janeiro;RJ;417;500;6211223;2588.009583; 5.0 ;56%
04.166.003/0001-50;FUNERARIA BRAGA DE SAO JOAQUIM DE BICAS ;60; R$ 6,900.00 ; R$ 115.00 ;0.1%;0.0%;3162922;São Joaquim de Bicas;MG;473;500;34348;14.31166667; 5.0 ;2%
24.661.747/0001-59;ARIEL MAURICIO BRUGNEROTTO - ME         ;60; R$ 19,865.00 ; R$ 331.08 ;0.1%;0.1%;3530706;Mogi Guaçu;SP;55.6;100;153658;64.02416667; 5.0 ;25%
08.247.359/0005-01;PAROTHEFON COMERCIO DE URNAS MORT VELO E;60; R$ 15,000.00 ; R$ 250.00 ;0.1%;0.1%;3133006;Itamonte;MG;323;500;14786;6.160833333; 5.0 ;1%
19.281.761/0001-97;MFJP SERVICOS E COMERCIO LTDA           ;60; R$ 45,000.60 ; R$ 750.01 ;0.1%;0.3%;3505708;Barueri;SP;118;200;316473;131.86375; 5.0 ;2%
16.548.604/0012-60;FUNERARIA SAO JORGE LTDA                ;60; R$ 21,933.00 ; R$ 365.55 ;0.1%;0.1%;3145901;Ouro Branco;MG;539;750;38724;16.135; 5.0 ;9%
67.457.150/0001-08;COLOMBANO E COLOMBANO FUNERARIA LTDA    ;60; R$ 16,800.00 ; R$ 280.00 ;0.1%;0.1%;3515509;Fernandópolis;SP;287;300;71186;29.66083333; 5.0 ;2%
02.870.766/0001-52;PANHOZZI E PANHOZZI SAO MANUEL LTDA     ;60; R$ 17,160.00 ; R$ 286.00 ;0.1%;0.1%;3550100;São Manuel;SP;119;200;37289;15.53708333; 5.0 ;25%
59.897.587/0001-26;JURANDIR DO CARMO RIOLLI ME             ;59; R$ 17,073.90 ; R$ 289.39 ;0.1%;0.1%;3549706;São José do Rio Pardo;SP;119;200;52205;21.75208333; 4.9 ;58%
15.385.376/0001-39;FUNERARIA BOM SAMARITANO PREMIER LTDA   ;58; R$ 26,660.00 ; R$ 459.66 ;0.1%;0.2%;5300108;Brasília;DF;630;750;2817381;1173.90875; 4.8 ;42%
35.496.326/0001-36;OSMAR DE SANTANA MACEDO FUNERARIA       ;57; R$ 21,182.60 ; R$ 371.62 ;0.1%;0.1%;3539806;Poá;SP;149;200;103765;43.23541667; 4.8 ;58%
54.387.791/0001-83;ALJ PLANO DE ASSISTENCIA FUNERARIA LTDA ;57; R$ 19,725.15 ; R$ 346.06 ;0.1%;0.1%;3547304;Santana de Parnaíba;SP;114;200;154105;64.21041667; 4.8 ;33%
55.970.186/0001-01;FATIMA COSTA SOARES SERVICOS ASSISTENCIA;55; R$ 18,579.30 ; R$ 337.81 ;0.1%;0.1%;3536505;Paulínia;SP;50.9;100;110537;46.05708333; 4.6 ;43%
07.668.158/0001-83;ODAIR DONIZETI MARQUES ME               ;55; R$ 16,474.00 ; R$ 299.53 ;0.1%;0.1%;3556404;Vargem Grande do Sul;SP;109;200;40133;16.72208333; 4.6 ;51%
18.291.351/0001-64;PREFEITURA MUNICIPAL DE DIVINOPOLIS     ;55; R$ 15,675.00 ; R$ 285.00 ;0.1%;0.1%;3122306;Divinópolis;MG;385;500;231091;96.28791667; 4.6 ;9%
54.826.920/0001-92;RUBENS BURIM FILHO ME                   ;54; R$ 14,443.00 ; R$ 267.46 ;0.1%;0.1%;3540705;Porto Ferreira;SP;57.4;100;52649;21.93708333; 4.5 ;34%
27.630.446/0106-23;COMPANHIA BRASILEIRA DE SERVICOS FUNERAR;54; R$ 17,473.00 ; R$ 323.57 ;0.1%;0.1%;3131307;Ipatinga;MG;691;750;227731;94.88791667; 4.5 ;1%
47.491.969/0001-76;ROGERIO COELHO DE ALBUQUERQUE 0122670566;54; R$ 19,011.40 ; R$ 352.06 ;0.1%;0.1%;3142205;Miraí;MG;599;750;13633;5.680416667; 4.5 ;33%
50.491.739/0001-11;JULIANA ANDRIO MENDES DE CARVALHO       ;54; R$ 22,897.00 ; R$ 424.02 ;0.1%;0.1%;3518800;Guarulhos;SP;128;200;1291771;538.2379167; 4.5 ;27%
14.322.249/0001-28;ADILSON DE PAULA PEREIRA - ME           ;54; R$ 17,219.40 ; R$ 318.88 ;0.1%;0.1%;3110905;Campanha;MG;237;300;15935;6.639583333; 4.5 ;40%
40.602.901/0001-78;JAIR VOLTAN 02458428886                 ;53; R$ 20,229.70 ; R$ 381.69 ;0.1%;0.1%;3131505;Ipuiúna;MG;153;200;9135;3.80625; 4.4 ;44%
15.390.539/0001-71;IRMA CLISEIDE DE SOUZA LTDA             ;52; R$ 17,046.00 ; R$ 327.81 ;0.1%;0.1%;3520202;Igaratá;SP;134;200;10605;4.41875; 4.3 ;2%
27.630.446/0045-77;COMPANHIA BRASILEIRA DE SERVICOS FUNERAR;52; R$ 15,786.00 ; R$ 303.58 ;0.1%;0.1%;3114402;Carmo do Rio Claro;MG;256;300;20954;8.730833333; 4.3 ;1%
15.268.951/0001-13;CLEYTON YUKIO CANUTO FUGIMOTO           ;51; R$ 17,209.50 ; R$ 337.44 ;0.1%;0.1%;3530607;Mogi das Cruzes;SP;159;200;451505;188.1270833; 4.3 ;58%
10.950.107/0001-54;L M PORTUGAL ASSISTENCIA FAMILIAR LTDA  ;50; R$ 13,650.00 ; R$ 273.00 ;0.1%;0.1%;3302056;Italva;RJ;660;750;14073;5.86375; 4.2 ;25%
36.059.805/0001-58;ALINE DAIANE NORONHA AQUARELLI          ;50; R$ 17,137.50 ; R$ 342.75 ;0.1%;0.1%;3534401;Osasco;SP;115;200;728615;303.5895833; 4.2 ;25%
03.465.078/0001-70;MARIA FERREIRA DA SILVA - CPF 4475112567;49; R$ 16,603.00 ; R$ 338.84 ;0.1%;0.1%;3115805;Centralina;MG;369;500;10207;4.252916667; 4.1 ;34%
45.513.135/0001-99;ERICK MARTINS DE CAMARGO  39772746867   ;46; R$ 16,168.00 ; R$ 351.48 ;0.1%;0.1%;3537800;Piedade;SP;136;200;52970;22.07083333; 3.8 ;25%
42.991.703/0001-79;MONJOLOS EMPRESA FUNERARIA LTDA         ;46; R$ 25,390.00 ; R$ 551.96 ;0.1%;0.1%;3131703;Itabira;MG;593;750;113343;47.22625; 3.8 ;8%
56.908.411/0001-34;PARQUE DAS OLIVEIRAS EMPREEND.COMERCIAS ;46; R$ 13,040.00 ; R$ 283.48 ;0.1%;0.1%;3505500;Barretos;SP;196;200;122485;51.03541667; 3.8 ;33%
06.249.766/0002-71;FUNERARIA PARAISO JANDIRA LTDA ME       ;45; R$ 11,910.00 ; R$ 264.67 ;0.1%;0.1%;3550704;São Sebastião;SP;281;300;81595;33.99791667; 3.8 ;8%
51.281.652/0001-82;FUNERARIA VERDE MAR GOUVEA LTDA         ;45; R$ 13,595.00 ; R$ 302.11 ;0.1%;0.1%;3300100;Angra dos Reis;RJ;415;500;167434;69.76416667; 3.8 ;3%
65.655.383/0001-81;FUNERARIA SAO FRANCISCO DE FRANCA LTDA E;44; R$ 16,100.00 ; R$ 365.91 ;0.1%;0.1%;3516200;Franca;SP;181;200;352536;146.89; 3.7 ;32%
52.690.336/0001-27;ORGANIZACAO FUNERARIA SANTA IZILDINHA   ;44; R$ 16,236.60 ; R$ 369.01 ;0.1%;0.1%;3531308;Monte Alto;SP;151;200;47574;19.8225; 3.7 ;82%
61.286.171/0001-13;MACHADO E FILHOS FUN E CAPELAS LTDA     ;42; R$ 14,853.10 ; R$ 353.65 ;0.1%;0.1%;4218954;Urupema;SC;748;750;2656;1.106666667; 3.5 ;24%
20.471.127/0001-04;ALESSANDRO HENRIQUE DUTRA 17949554886   ;42; R$ 12,600.00 ; R$ 300.00 ;0.1%;0.1%;3525003;Jandira;SP;121;200;118045;49.18541667; 3.5 ;66%
01.093.326/0001-73;AGENCIA FUNERARIA MURUNDU LTDA          ;41; R$ 12,391.60 ; R$ 302.23 ;0.1%;0.1%;3304557;Rio de Janeiro;RJ;417;500;6211223;2588.009583; 3.4 ;1%
74.184.524/0001-16;SOCIAL DE LUTO ALFAIX LTDA              ;41; R$ 11,038.00 ; R$ 269.22 ;0.1%;0.1%;5211909;Jataí;GO;620;750;105729;44.05375; 3.4 ;33%
35.502.852/0001-61;PAX BRASILIA ASSISTENCIA FUNERAL LTDA   ;40; R$ 24,360.00 ; R$ 609.00 ;0.1%;0.1%;5215231;Novo Gama;GO;607;750;103804;43.25166667; 3.3 ;2%
11.137.572/0001-33;DANIELA MARQUES VIEIRA                  ;40; R$ 13,942.80 ; R$ 348.57 ;0.1%;0.1%;3105400;Barão de Cocais;MG;581;750;30778;12.82416667; 3.3 ;34%
49.452.113/0001-17;SESOMA SERVICO DE APOIO FAMILIAR MATTION;40; R$ 12,800.00 ; R$ 320.00 ;0.1%;0.1%;3520509;Indaiatuba;SP;74.5;100;255748;106.5616667; 3.3 ;26%
49.607.078/0001-68;C.M.F.T DA FONSECA LTDA                 ;40; R$ 9,120.00 ; R$ 228.00 ;0.1%;0.1%;3508504;Caçapava;SP;179;200;96202;40.08416667; 3.3 ;1%
27.630.446/0028-76;COMPANHIA BRASILEIRA DE SERVICOS FUNERAR;40; R$ 10,720.00 ; R$ 268.00 ;0.1%;0.1%;3100203;Abaeté;MG;490;500;22675;9.447916667; 3.3 ;8%
27.630.446/0267-08;COMPANHIA BRASILEIRA DE SERVICOS FUNERAR;39; R$ 12,579.00 ; R$ 322.54 ;0.1%;0.1%;3201506;Colatina;ES;915;1000;120033;50.01375; 3.3 ;1%
11.881.834/0001-70;SEMUL-SERVICO MUN.FUNER.E DE ORGANIZACAO;38; R$ 8,438.00 ; R$ 222.05 ;0.1%;0.0%;3170701;Varginha;MG;273;300;136467;56.86125; 3.2 ;9%
43.720.974/0001-52;WMK SERVICOS FUNERARIOS LTDA            ;38; R$ 12,397.30 ; R$ 326.24 ;0.1%;0.1%;3509601;Campo Limpo Paulista;SP;98.5;100;77632;32.34666667; 3.2 ;26%
05.585.877/0001-05;CLAUDEVIR PEIXE LTDA                    ;38; R$ 14,772.00 ; R$ 388.74 ;0.1%;0.1%;3512902;Cosmorama;SP;253;300;8719;3.632916667; 3.2 ;33%
67.481.523/0001-78;EMPRESA FUNERARIA CAMPOS & CAMPOS SUMARE;37; R$ 11,944.00 ; R$ 322.81 ;0.1%;0.1%;3552403;Sumaré;SP;43.9;100;279545;116.4770833; 3.1 ;59%
28.792.452/0001-72;OLVP JUNDIAI PLANOS FUNERARIOS LTDA - EP;36; R$ 11,527.00 ; R$ 320.19 ;0.1%;0.1%;3525904;Jundiaí;SP;81.2;100;443221;184.6754167; 3.0 ;8%
11.337.810/0001-54;W. VIDA ASSISTENCIA FUNERAL LTDA-ME     ;35; R$ 10,619.00 ; R$ 303.40 ;0.1%;0.1%;3301504;Cordeiro;RJ;554;750;20783;8.659583333; 2.9 ;25%
27.630.446/0321-98;COMPANHIA BRASILEIRA DE SERVICOS FUNERAR;35; R$ 11,250.00 ; R$ 321.43 ;0.1%;0.1%;3119104;Corinto;MG;609;750;23532;9.805; 2.9 ;25%
47.307.403/0001-41;47.307.403 LEANDRO SOUZA DE OLIVEIRA    ;35; R$ 10,125.00 ; R$ 289.29 ;0.1%;0.1%;3301900;Itaboraí;RJ;446;500;224267;93.44458333; 2.9 ;33%
08.247.359/0008-46;PAROTHEFON - COMERCIO DE URNAS MORTUARIA;35; R$ 8,750.00 ; R$ 250.00 ;0.1%;0.0%;3527207;Lorena;SP;235;300;84855;35.35625; 2.9 ;1%
62.621.453/0001-92;EMPRESA FUNERARIA ELIAS FAUSTO LTDA     ;35; R$ 10,940.00 ; R$ 312.57 ;0.1%;0.1%;3514908;Elias Fausto;SP;68.8;100;17699;7.374583333; 2.9 ;1%
29.649.408/0001-70;ATRIA SERVICOS FUNERARIOS LTDA          ;35; R$ 10,500.00 ; R$ 300.00 ;0.1%;0.1%;3548708;São Bernardo do Campo;SP;144;200;810729;337.80375; 2.9 ;8%
25.401.894/0001-52;FUNERARIA ALVES LTDA                    ;34; R$ 13,031.00 ; R$ 383.26 ;0.1%;0.1%;3106002;Bela Vista de Minas;MG;609;750;10167;4.23625; 2.8 ;8%
07.897.013/0002-35;ALEXANDRO DE JESUS FERREIRA MORAIS SANTO;34; R$ 11,362.06 ; R$ 334.18 ;0.1%;0.1%;3552403;Sumaré;SP;43.9;100;279545;116.4770833; 2.8 ;58%
03.123.580/0001-00;JOSE AGOSTINHO JAQUES & CIA LTDA        ;33; R$ 20,507.00 ; R$ 621.42 ;0.1%;0.1%;3140001;Mariana;MG;611;750;61387;25.57791667; 2.8 ;33%
53.942.144/0001-23;FUNERARIA POPULAR ASSISTENCIAL LTDA     ;33; R$ 13,148.00 ; R$ 398.42 ;0.1%;0.1%;3552809;Taboão da Serra;SP;126;200;273542;113.9758333; 2.8 ;1%
37.020.279/0001-85;MARCIA CRISTINA DE CAMPOS 25361874892   ;32; R$ 9,870.00 ; R$ 308.44 ;0.1%;0.1%;3134905;Jacutinga;MG;87.6;100;25525;10.63541667; 2.7 ;8%
27.630.446/0041-43;COMPANHIA BRASILEIRA DE SERVICOS FUNERAR;32; R$ 10,072.00 ; R$ 314.75 ;0.1%;0.1%;3107406;Bom Despacho;MG;426;500;51737;21.55708333; 2.7 ;8%
03.197.227/0001-67;W A EMPRESA FUNERARIA LTDA - ME         ;31; R$ 10,220.00 ; R$ 329.68 ;0.1%;0.1%;3546702;Santa Gertrudes;SP;11.2;100;23611;9.837916667; 2.6 ;9%
46.634.440/0001-00;MUNICIPIO DE ITU                        ;31; R$ 11,969.00 ; R$ 386.10 ;0.1%;0.1%;3523909;Itu;SP;82.9;100;168240;70.1; 2.6 ;1%
17.793.928/0001-73;FUNERARIA ANGELO CUNHA LTDA EPP         ;31; R$ 9,630.00 ; R$ 310.65 ;0.1%;0.1%;3170206;Uberlândia;MG;316;500;713224;297.1766667; 2.6 ;1%
10.760.011/0001-23;BEM VIVER ASSISTENCIA FAMILIAR LTDA     ;31; R$ 11,497.00 ; R$ 370.87 ;0.1%;0.1%;3301157;Cardoso Moreira;RJ;662;750;12958;5.399166667; 2.6 ;26%
00.702.987/0001-96;FUNERARIA BOMFIM JOAO MONLEVADE LTDA    ;30; R$ 9,420.00 ; R$ 314.00 ;0.0%;0.1%;3136207;João Monlevade;MG;603;750;80187;33.41125; 2.5 ;8%
25.290.263/0001-03;ROMEU DE OLIVEIRA MIRANDA - CPF 38512475;30; R$ 8,919.00 ; R$ 297.30 ;0.0%;0.1%;3140001;Mariana;MG;611;750;61387;25.57791667; 2.5 ;25%
36.998.252/0001-07;G C ASSISTENCIA FUNERARIA LTDA          ;30; R$ 11,755.00 ; R$ 391.83 ;0.0%;0.1%;3518800;Guarulhos;SP;128;200;1291771;538.2379167; 2.5 ;33%
48.620.769/0001-39;EMPRESA FUNERARIA SAO LUIZ ITAPIRA LTDA-;30; R$ 8,385.00 ; R$ 279.50 ;0.0%;0.0%;3522604;Itapira;SP;64;100;72022;30.00916667; 2.5 ;3%
10.315.449/0001-00;AMPAF - AMPARO E ASSISTENCIA A FAMILIA -;30; R$ 8,020.00 ; R$ 267.33 ;0.0%;0.0%;3525102;Jardinópolis;SP;137;200;45282;18.8675; 2.5 ;1%
17.312.533/0001-01;PAX ASSISTENCIA POSTUMAS LTDA           ;30; R$ 9,900.00 ; R$ 330.00 ;0.0%;0.1%;5215231;Novo Gama;GO;607;750;103804;43.25166667; 2.5 ;1%
23.488.106/0001-81;BENTTUS ASSISTENCIA FAMILIAR EIRELI     ;30; R$ 10,990.00 ; R$ 366.33 ;0.0%;0.1%;3550308;São Paulo;SP;116;200;11451999;4771.66625; 2.5 ;2%
18.249.164/0001-12;CONVENIOS E PLANOS ASSISTENCIAIS ROSA SA;30; R$ 9,614.50 ; R$ 320.48 ;0.0%;0.1%;3524006;Itupeva;SP;83;100;70616;29.42333333; 2.5 ;35%
27.630.446/0062-78;COMPANHIA BRASILEIRA DE SERVICOS FUNERAR;30; R$ 9,270.00 ; R$ 309.00 ;0.0%;0.1%;3140902;Matipó;MG;690;750;18552;7.73; 2.5 ;1%
05.523.319/0001-15;FUNERARIA ALVORADA LTDA - ME            ;30; R$ 6,180.00 ; R$ 206.00 ;0.0%;0.0%;3539103;Pirapora do Bom Jesus;SP;123;200;18370;7.654166667; 2.5 ;9%
52.105.483/0001-92;ORGANIZACAO FUNERARIA CONSELVAN LTDA ME ;30; R$ 9,843.00 ; R$ 328.10 ;0.0%;0.1%;3510401;Capivari;SP;55.2;100;50068;20.86166667; 2.5 ;1%
28.473.346/0007-11;R PIZETA E CIA LTDA EPP                 ;29; R$ 8,850.40 ; R$ 305.19 ;0.0%;0.1%;3201209;Cachoeiro de Itapemirim;ES;749;750;185786;77.41083333; 2.4 ;1%
17.422.448/0001-04;FERNANDA R DA SILVA SERVICOS POSTUMOS LT;29; R$ 17,323.00 ; R$ 597.34 ;0.0%;0.1%;3127701;Governador Valadares;MG;789;1000;257171;107.1545833; 2.4 ;25%
08.950.098/0001-50;FUNERARIA UNIPREV SANTA LUZIA LTDA      ;29; R$ 7,782.00 ; R$ 268.34 ;0.0%;0.0%;3540705;Porto Ferreira;SP;57.4;100;52649;21.93708333; 2.4 ;32%
43.396.511/0001-87;RENASCER SERVICOS FUNERARIOS LTDA       ;29; R$ 9,485.00 ; R$ 327.07 ;0.0%;0.1%;3548807;São Caetano do Sul;SP;137;200;165655;69.02291667; 2.4 ;25%
24.340.365/0001-23;24.340.365 WEVERTON LOPES DA CUNHA      ;29; R$ 10,186.00 ; R$ 351.24 ;0.0%;0.1%;3157807;Santa Luzia;MG;520;750;219132;91.305; 2.4 ;26%
08.205.206/0001-60;GUARAREMA CRISTO REI FUNERARIA LTDA     ;29; R$ 15,638.00 ; R$ 539.24 ;0.0%;0.1%;3518305;Guararema;SP;163;200;31236;13.015; 2.4 ;24%
10.683.642/0001-96;POS VIDA NITEROI PLANO FUNERAL LTDA     ;28; R$ 19,783.00 ; R$ 706.54 ;0.0%;0.1%;3304557;Rio de Janeiro;RJ;417;500;6211223;2588.009583; 2.3 ;26%
48.266.324/0001-00;RAO ADM DE PLANOS FUNERARIOS E  ASS. FAM;28; R$ 11,923.50 ; R$ 425.84 ;0.0%;0.1%;3516903;General Salgado;SP;287;300;10312;4.296666667; 2.3 ;25%
57.503.700/0001-16;ASSISTENCIA FUNERARIA SAFIR NITEROI LTDA;28; R$ 8,714.00 ; R$ 311.21 ;0.0%;0.0%;3303302;Niterói;RJ;425;500;481749;200.72875; 2.3 ;26%
03.272.894/0001-67;NANDA FLORES SERVICOS FUNERARIOS LTDA   ;27; R$ 8,497.00 ; R$ 314.70 ;0.0%;0.0%;3302007;Itaguaí;RJ;389;500;116841;48.68375; 2.3 ;8%
01.507.769/0001-63;MAXIMO E CIA LTDA ME                    ;27; R$ 10,450.00 ; R$ 387.04 ;0.0%;0.1%;3547502;Santa Rita do Passa Quatro;SP;77.4;100;24833;10.34708333; 2.3 ;26%
59.340.897/0001-45;FLORICULTURA FENIX LTDA                 ;27; R$ 8,750.50 ; R$ 324.09 ;0.0%;0.0%;3510609;Carapicuíba;SP;116;200;386984;161.2433333; 2.3 ;3%
54.717.421/0001-67;54.717.421 ISMAEL AMANCIO CAETANO       ;26; R$ 7,850.00 ; R$ 301.92 ;0.0%;0.0%;3553708;Taquaritinga;SP;137;200;52260;21.775; 2.2 ;2%
04.251.080/0001-09;SECRETARIA DE ESTADO DE DESENVOLVIMENTO ;26; R$ 10,830.00 ; R$ 416.54 ;0.0%;0.1%;5300108;Brasília;DF;630;750;2817381;1173.90875; 2.2 ;33%
05.629.182/0001-88;FUNERARIA SANTA CASA DE SEROPEDICA      ;25; R$ 7,230.00 ; R$ 289.20 ;0.0%;0.0%;3305554;Seropédica;RJ;373;500;80596;33.58166667; 2.1 ;2%
01.489.806/0001-58;FENIX ADMINISTRACAO DE SERVICOS LTDA    ;25; R$ 6,900.00 ; R$ 276.00 ;0.0%;0.0%;5208707;Goiânia;GO;534;750;1437366;598.9025; 2.1 ;1%
28.655.404/0001-32;M.J. VEDOVELLO                          ;25; R$ 7,291.20 ; R$ 291.65 ;0.0%;0.0%;3536505;Paulínia;SP;50.9;100;110537;46.05708333; 2.1 ;26%
49.368.523/0001-84;49.368.523 KAREN KETHLIN ALVES          ;25; R$ 8,073.00 ; R$ 322.92 ;0.0%;0.0%;3512209;Conchal;SP;35.8;100;28101;11.70875; 2.1 ;2%
17.118.060/0001-06;DYR SERVICOS FUNERARIOS LTDA            ;25; R$ 9,998.70 ; R$ 399.95 ;0.0%;0.1%;3205002;Serra;ES;880;1000;520653;216.93875; 2.1 ;8%
03.704.271/0001-16;EMPRESA FUNERARIA NOVA PORTO FELIZ LTDA ;25; R$ 6,003.40 ; R$ 240.14 ;0.0%;0.0%;3540606;Porto Feliz;SP;85.1;100;56497;23.54041667; 2.1 ;2%
01.366.142/0001-30;ALEXANDRE MAGNO RESENDE DE OLIVEIRA ME  ;25; R$ 7,600.00 ; R$ 304.00 ;0.0%;0.0%;3524402;Jacareí;SP;157;200;240275;100.1145833; 2.1 ;24%
47.219.102/0001-66;PAX BAHIA FUNERARIA E PLANO DE ASSISTENC;25; R$ 8,803.40 ; R$ 352.14 ;0.0%;0.0%;5206206;Cristalina;GO;512;750;62337;25.97375; 2.1 ;32%
41.861.127/0001-82;ORGANIZACAO SOCIAL DE LUTO E PLANO ASSIS;24; R$ 6,907.00 ; R$ 287.79 ;0.0%;0.0%;3512803;Cosmópolis;SP;37.7;100;59773;24.90541667; 2.0 ;41%
57.701.385/0001-31;FUNERARIA REGENTE FEIJO LTDA ME         ;24; R$ 8,191.60 ; R$ 341.32 ;0.0%;0.0%;3542404;Regente Feijó;SP;344;500;20145;8.39375; 2.0 ;8%
07.343.764/0001-29;BRACALENTE SERVICOS FUNERARIOS LTDA - ME;24; R$ 6,600.00 ; R$ 275.00 ;0.0%;0.0%;3556206;Valinhos;SP;67.1;100;126373;52.65541667; 2.0 ;2%
31.675.805/0001-69;FUNERARIA NOVO RENASCIMENTO LTDA        ;24; R$ 9,677.25 ; R$ 403.22 ;0.0%;0.1%;3306008;Três Rios;RJ;442;500;78346;32.64416667; 2.0 ;26%
23.280.084/0001-60;LAR SAO VICENTE DE PAULO DE PASSOS      ;24; R$ 9,390.00 ; R$ 391.25 ;0.0%;0.1%;3147907;Passos;MG;220;300;111939;46.64125; 2.0 ;2%
08.896.333/0001-52;FUNERARIA PAX MONLEVADE LTDA            ;23; R$ 7,380.00 ; R$ 320.87 ;0.0%;0.0%;3136207;João Monlevade;MG;603;750;80187;33.41125; 1.9 ;16%
05.070.361/0001-28;GSM ASSISTENCIA FUNERAL LTDA ME         ;23; R$ 7,638.30 ; R$ 332.10 ;0.0%;0.0%;3532009;Morungaba;SP;89.4;100;13720;5.716666667; 1.9 ;75%
03.050.049/0001-47;ORGANIZACAO LEMES FUNERARIA DE IBIUNA LT;23; R$ 7,944.00 ; R$ 345.39 ;0.0%;0.0%;3519709;Ibiúna;SP;140;200;75605;31.50208333; 1.9 ;26%
27.066.771/0001-38;VIDA LONGA ASSISTENCIA FAMILIAR LTDA    ;23; R$ 7,323.85 ; R$ 318.43 ;0.0%;0.0%;3304805;São Fidélis;RJ;647;750;38961;16.23375; 1.9 ;2%
86.883.923/0001-54;PAX SANTA CLARA SERVICOS POSTUMOS LTDA  ;23; R$ 5,803.00 ; R$ 252.30 ;0.0%;0.0%;5205455;Cezarina;GO;568;750;8090;3.370833333; 1.9 ;8%
31.302.342/0001-90;FLORES DA CAMELIA DE NITEROI E SERV FUN ;23; R$ 8,240.30 ; R$ 358.27 ;0.0%;0.0%;3303302;Niterói;RJ;425;500;481749;200.72875; 1.9 ;2%
49.855.877/0001-53;FUNERARIA SANTA TEREZINHA LTDA - ME     ;22; R$ 6,737.00 ; R$ 306.23 ;0.0%;0.0%;3535309;Palmital;SP;254;300;19594;8.164166667; 1.8 ;2%
07.826.049/0001-47;FUNERARIA DIVISA NOVA LTDA ME           ;22; R$ 6,540.00 ; R$ 297.27 ;0.0%;0.0%;3122405;Divisa Nova;MG;205;300;5851;2.437916667; 1.8 ;8%
55.662.941/0001-82;FUNERARIA COSTA E LIMA LTDA             ;22; R$ 7,242.00 ; R$ 329.18 ;0.0%;0.0%;3533403;Nova Odessa;SP;40.4;100;62019;25.84125; 1.8 ;16%
11.316.162/0001-50;ASSOCIACAO MACONICA BENEFICENTE LIBERDAD;22; R$ 6,600.00 ; R$ 300.00 ;0.0%;0.0%;3115102;Cássia;MG;221;300;17155;7.147916667; 1.8 ;1%
02.142.043/0001-37;FUNERARIA ALVINOPOLIS LTDA              ;22; R$ 7,292.00 ; R$ 331.45 ;0.0%;0.0%;3102308;Alvinópolis;MG;644;750;15059;6.274583333; 1.8 ;2%
35.519.780/0001-65;FUNERARIA ARTUR NOGUEIRA LTDA           ;22; R$ 7,380.90 ; R$ 335.50 ;0.0%;0.0%;3503802;Artur Nogueira;SP;35.8;100;51456;21.44; 1.8 ;8%
084.241.306-50;FLAVIANA DA CRUZ                        ;22; R$ 10,678.00 ; R$ 485.36 ;0.0%;0.1%;3145000;Nova Ponte;MG;318;500;14598;6.0825; 1.8 ;24%
41.385.101/0001-05;PRIME SERVICOS POS VIDA LTDA            ;22; R$ 6,734.84 ; R$ 306.13 ;0.0%;0.0%;3300704;Cabo Frio;RJ;520;750;222161;92.56708333; 1.8 ;1%
05.058.475/0001-52;SERVICOS POSTUMOS CENTRAL DE BRASILIA LT;22; R$ 6,006.00 ; R$ 273.00 ;0.0%;0.0%;5300108;Brasília;DF;630;750;2817381;1173.90875; 1.8 ;8%
03.336.941/0002-70;FUNERARIA APOCALIPSE LTDA               ;22; R$ 6,330.00 ; R$ 287.73 ;0.0%;0.0%;5221858;Valparaíso de Goiás;GO;597;750;198861;82.85875; 1.8 ;2%
07.143.236/0001-26;NATHALIA & JAIRO SERVICOS FUNERARIOS LTD;22; R$ 8,496.40 ; R$ 386.20 ;0.0%;0.0%;3145604;Oliveira;MG;378;500;39262;16.35916667; 1.8 ;8%
13.435.354/0001-00;T J EMPREENDIMENTOS COMERCIO E SERVICOS ;22; R$ 8,118.00 ; R$ 369.00 ;0.0%;0.0%;3301009;Campos dos Goytacazes;RJ;629;750;483540;201.475; 1.8 ;1%
48.024.186/0001-45;ACCACIO RUSCA JUNIOR ME                 ;22; R$ 6,087.66 ; R$ 276.71 ;0.0%;0.0%;3513702;Descalvado;SP;69.8;100;31756;13.23166667; 1.8 ;1%
13.022.309/0001-24;SINSEF SAO CARLOS LTDA ME               ;21; R$ 6,760.00 ; R$ 321.90 ;0.0%;0.0%;3548906;São Carlos;SP;60.2;100;254857;106.1904167; 1.8 ;3%
33.012.891/0001-55;LIDIANI APARECIDA PEREIRA DO NASCIMENTO ;21; R$ 9,067.20 ; R$ 431.77 ;0.0%;0.1%;3519071;Hortolândia;SP;48.5;100;236641;98.60041667; 1.8 ;1%
28.220.868/0001-16;FUNERARIA ELXADAIA EIRELI               ;21; R$ 6,836.40 ; R$ 325.54 ;0.0%;0.0%;3533403;Nova Odessa;SP;40.4;100;62019;25.84125; 1.8 ;25%
02.954.241/0001-03;SERVICO FUNERARIO DE NOVA LIMA LTDA     ;21; R$ 8,077.20 ; R$ 384.63 ;0.0%;0.0%;3144805;Nova Lima;MG;518;750;111697;46.54041667; 1.8 ;33%
53.573.911/0001-74;FUNERARIA LEBEIS E LEBEIS LTDA - ME     ;21; R$ 8,400.00 ; R$ 400.00 ;0.0%;0.0%;3539301;Pirassununga;SP;45.6;100;73545;30.64375; 1.8 ;#DIV/0!
45.103.645/0001-98;ANTENOR MARTINS GARCIA ME               ;21; R$ 5,610.00 ; R$ 267.14 ;0.0%;0.0%;3552304;Sud Mennucci;SP;340;500;7355;3.064583333; 1.8 ;9%
26.882.703/0001-84;M C S SERVICOS FUNERARIOS LTDA          ;21; R$ 5,676.00 ; R$ 270.29 ;0.0%;0.0%;3517703;Guará;SP;180;200;18606;7.7525; 1.8 ;1%
33.908.591/0001-59;FUNERARIA CENTRAL SANTA CASA 24H LTDA   ;20; R$ 5,000.00 ; R$ 250.00 ;0.0%;0.0%;3304557;Rio de Janeiro;RJ;417;500;6211223;2588.009583; 1.7 ;1%
63.692.264/0001-73;ZOE PREV LTDA                           ;20; R$ 6,800.20 ; R$ 340.01 ;0.0%;0.0%;4204251;Cocal do Sul;SC;780;1000;17240;7.183333333; 1.7 ;24%
35.166.058/0001-94;LUCIO CLAUDIANO MARTINS 04770329660     ;20; R$ 6,500.00 ; R$ 325.00 ;0.0%;0.0%;3165701;Senador Firmino;MG;599;750;7716;3.215; 1.7 ;2%
31.671.878/0001-82;SERVICOS FUNERARIOS SAO SEBASTIAO LTDA  ;20; R$ 6,000.00 ; R$ 300.00 ;0.0%;0.0%;3304557;Rio de Janeiro;RJ;417;500;6211223;2588.009583; 1.7 ;1%
55.079.792/0001-23;ORGANIZACAO SAO JOAO SERVICOS POSTUMOS L;20; R$ 6,600.00 ; R$ 330.00 ;0.0%;0.0%;3506102;Bebedouro;SP;166;200;76373;31.82208333; 1.7 ;1%
88.273.131/0001-93;FUNERARIA SANTO ANGELO LTDA             ;20; R$ 6,020.00 ; R$ 301.00 ;0.0%;0.0%;4317509;Santo Ângelo;RS;982;1000;76917;32.04875; 1.7 ;24%
10.520.844/0001-17;FUNERARIA E CAPELA JARDIM DE QUEIMADOS  ;20; R$ 6,150.50 ; R$ 307.53 ;0.0%;0.0%;3304144;Queimados;RJ;385;500;140523;58.55125; 1.7 ;2%
89.091.193/0001-47;FUNERARIA SANTA TEREZINHA LTDA          ;20; R$ 6,150.00 ; R$ 307.50 ;0.0%;0.0%;4309100;Gramado;RS;950;1000;40134;16.7225; 1.7 ;24%
02.783.643/0001-84;GADE ADMINISTRACAO SERVICOS POSTUMOS LTD;20; R$ 7,332.12 ; R$ 366.61 ;0.0%;0.0%;5221403;Trindade;GO;556;750;142431;59.34625; 1.7 ;1%
08.321.867/0001-50;BURCKARTE & ZOCCA FUNERARIA LTDA        ;20; R$ 5,880.00 ; R$ 294.00 ;0.0%;0.0%;3510401;Capivari;SP;55.2;100;50068;20.86166667; 1.7 ;1%
46.523.171/0001-04;PREFEITURA DO MUNICIPIO DE OSASCO       ;20; R$ 5,320.00 ; R$ 266.00 ;0.0%;0.0%;3534401;Osasco;SP;115;200;728615;303.5895833; 1.7 ;1%
03.336.941/0001-99;FUNERARIA APOCALIPSE LTDA               ;20; R$ 6,001.00 ; R$ 300.05 ;0.0%;0.0%;5300108;Brasília;DF;630;750;2817381;1173.90875; 1.7 ;1%
23.027.676/0001-74;FUNERARIA E FLORICULTURA AMORIM LTDA    ;20; R$ 6,500.00 ; R$ 325.00 ;0.0%;0.0%;3303302;Niterói;RJ;425;500;481749;200.72875; 1.7 ;1%
43.557.315/0001-47;A J P CHAGAS FLORICULTURA E SERVICOS FUN;20; R$ 6,600.00 ; R$ 330.00 ;0.0%;0.0%;3301009;Campos dos Goytacazes;RJ;629;750;483540;201.475; 1.7 ;8%
02.653.525/0001-51;PAX FUNERARIA SANTA FE LTDA             ;20; R$ 6,077.40 ; R$ 303.87 ;0.0%;0.0%;5211909;Jataí;GO;620;750;105729;44.05375; 1.7 ;2%
01.339.574/0001-51;MARCIO RICARDO FLOR                     ;20; R$ 5,460.00 ; R$ 273.00 ;0.0%;0.0%;5217104;Piracanjuba;GO;499;500;24883;10.36791667; 1.7 ;1%
45.511.847/0001-79;MUNICIPIO DE ARACATUBA                  ;20; R$ 9,170.00 ; R$ 458.50 ;0.0%;0.1%;3502804;Araçatuba;SP;284;300;200124;83.385; 1.7 ;15%
50.856.972/0001-50;PICO DA COLINA ADMINISTRACAO DE CARTAO A;20; R$ 6,602.50 ; R$ 330.13 ;0.0%;0.0%;3305208;São Pedro da Aldeia;RJ;508;750;104029;43.34541667; 1.7 ;25%
31.920.127/0001-52;FUNERARIA CHEREM 2000 LTDA              ;20; R$ 5,460.00 ; R$ 273.00 ;0.0%;0.0%;3300308;Barra do Piraí;RJ;365;500;92883;38.70125; 1.7 ;1%
05.009.991/0001-97;EDNEI ANTONIO LEME ITAI                 ;20; R$ 5,676.00 ; R$ 283.80 ;0.0%;0.0%;3521804;Itaí;SP;190;200;25180;10.49166667; 1.7 ;1%
17.585.025/0001-05;P.R. GERLACH FUNERARIA                  ;20; R$ 6,490.00 ; R$ 324.50 ;0.0%;0.0%;3503901;Arujá;SP;141;200;86678;36.11583333; 1.7 ;1%
52.158.922/0001-25;PAX BRASIL SERVICOS FUNERARIOS LTDA     ;20; R$ 6,600.85 ; R$ 330.04 ;0.0%;0.0%;3525003;Jandira;SP;121;200;118045;49.18541667; 1.7 ;2%
17.795.099/0001-68;GAUD FUNERARIA LTDA                     ;20; R$ 6,300.00 ; R$ 315.00 ;0.0%;0.0%;5214507;Nerópolis;GO;562;750;31932;13.305; 1.7 ;15%
15.966.476/0001-59;LEDA MARIA DOS SANTOS EIRELLI           ;20; R$ 7,292.00 ; R$ 364.60 ;0.0%;0.0%;5208905;Goiás;GO;674;750;24071;10.02958333; 1.7 ;1%
03.915.587/0001-57;L C DE CAMPOS SIMAS                     ;20; R$ 7,000.00 ; R$ 350.00 ;0.0%;0.0%;4314902;Porto Alegre;RS;969;1000;1332845;555.3520833; 1.7 ;24%
33.737.974/0001-01;CAPELA SANTO CRISTO LTDA                ;20; R$ 6,400.00 ; R$ 320.00 ;0.0%;0.0%;3304557;Rio de Janeiro;RJ;417;500;6211223;2588.009583; 1.7 ;8%
48.579.065/0001-60;FUNERARIA SANTA QUITERIA LTDA           ;20; R$ 6,300.00 ; R$ 315.00 ;0.0%;0.0%;3124104;Esmeraldas;MG;487;500;85598;35.66583333; 1.7 ;1%
11.974.064/0001-00;FUNERARIA JARDIM LTDA                   ;19; R$ 6,914.50 ; R$ 363.92 ;0.0%;0.0%;3556701;Vinhedo;SP;70.4;100;76540;31.89166667; 1.6 ;41%
45.262.617/0001-13;FUNERARIA REI ETERNO ASSISTENCIA FAMILIA;18; R$ 6,079.10 ; R$ 337.73 ;0.0%;0.0%;3552809;Taboão da Serra;SP;126;200;273542;113.9758333; 1.5 ;26%
05.346.734/0001-40;FUNERARIA AMOR ETERNO LTDA              ;18; R$ 8,950.00 ; R$ 497.22 ;0.0%;0.1%;5300108;Brasília;DF;630;750;2817381;1173.90875; 1.5 ;2%
05.025.910/0001-42;LUCIANA IBRAHIM VIEIRA                  ;17; R$ 6,398.70 ; R$ 376.39 ;0.0%;0.0%;3508405;Cabreúva;SP;100;100;47011;19.58791667; 1.4 ;10%
45.456.174/0001-00;SIONARIA COSME DA CRUZ DE OLIVEIRA 07010;17; R$ 6,812.00 ; R$ 400.71 ;0.0%;0.0%;3522505;Itapevi;SP;124;200;232297;96.79041667; 1.4 ;50%
27.630.446/0147-00;COMPANHIA BRASILEIRA DE SERVICOS FUNERAR;17; R$ 5,593.00 ; R$ 329.00 ;0.0%;0.0%;3109402;Buritizeiro;MG;583;750;23910;9.9625; 1.4 ;24%
51.121.020/0001-51;FUNERARIA ASSISTENCIAL PAZ E LUZ LTDA   ;17; R$ 5,331.00 ; R$ 313.59 ;0.0%;0.0%;3106200;Belo Horizonte;MG;495;500;2315560;964.8166667; 1.4 ;8%
22.077.315/0001-70;ORGANIZACAO DE LUTO UNIAO LTDA          ;17; R$ 5,853.20 ; R$ 344.31 ;0.0%;0.0%;3169406;Três Pontas;MG;299;300;55255;23.02291667; 1.4 ;8%
04.638.668/0001-10;CARVALHO & BRITO DE PALMA LTDA          ;16; R$ 6,821.70 ; R$ 426.36 ;0.0%;0.0%;3146701;Palma;MG;589;750;5707;2.377916667; 1.3 ;25%
16.523.524/0001-05;FUNERARIA SAO LUIZ LTDA ME              ;16; R$ 11,060.00 ; R$ 691.25 ;0.0%;0.1%;3134202;Ituiutaba;MG;385;500;102217;42.59041667; 1.3 ;24%
55.241.340/0001-04;FUNERARIA REPAUSARE                     ;16; R$ 6,061.00 ; R$ 378.81 ;0.0%;0.0%;3153806;Queluzito;MG;497;500;1770;0.7375; 1.3 ;8%
32.981.081/0001-44;PAX SERVICOS FUNERARIOS LTDA            ;16; R$ 4,704.80 ; R$ 294.05 ;0.0%;0.0%;3501608;Americana;SP;34.1;100;237240;98.85; 1.3 ;9%
27.630.446/0040-62;COMPANHIA BRASILEIRA DE SERVICOS FUNERAR;16; R$ 4,979.00 ; R$ 311.19 ;0.0%;0.0%;3169356;Três Marias;MG;543;750;28895;12.03958333; 1.3 ;1%
01.624.612/0001-18;FUNERARIA PARQUE DAS ACACIAS LTDA ME    ;16; R$ 5,889.00 ; R$ 368.06 ;0.0%;0.0%;3515186;Espírito Santo do Pinhal;SP;79.3;100;39816;16.59; 1.3 ;9%
19.866.110/0001-69;JOAQUIM ELOIR PEREIRA                   ;16; R$ 5,880.00 ; R$ 367.50 ;0.0%;0.0%;3151701;Poço Fundo;MG;228;300;16390;6.829166667; 1.3 ;8%
52.531.884/0001-04;PLANOS SAO JUDAS TADEU ASSISTENCIA FUNER;16; R$ 4,650.00 ; R$ 290.63 ;0.0%;0.0%;3523602;Itirapina;SP;45.8;100;16148;6.728333333; 1.3 ;48%
01.497.392/0001-09;FUNERARIA SAO VITO LTDA                 ;16; R$ 8,800.00 ; R$ 550.00 ;0.0%;0.0%;3304557;Rio de Janeiro;RJ;417;500;6211223;2588.009583; 1.3 ;8%
41.717.026/0001-32;ORGANIZACAO DE SERVICOS SOCIAL DE LUTO S;15; R$ 4,464.50 ; R$ 297.63 ;0.0%;0.0%;3129509;Ibiá;MG;359;500;22229;9.262083333; 1.3 ;1%
03.464.494/0002-34;KURLAN CAMARGO DA SILVA                 ;15; R$ 4,175.00 ; R$ 278.33 ;0.0%;0.0%;4311403;Lajeado;RS;922;1000;93646;39.01916667; 1.3 ;24%
27.630.446/0149-63;COMPANHIA BRASILEIRA DE SERVICOS FUNERAR;15; R$ 4,635.00 ; R$ 309.00 ;0.0%;0.0%;3109402;Buritizeiro;MG;583;750;23910;9.9625; 1.3 ;#DIV/0!
40.611.132/0001-74;ASSOCIPAX FUNERARIA LTDA                ;15; R$ 5,625.00 ; R$ 375.00 ;0.0%;0.0%;3106200;Belo Horizonte;MG;495;500;2315560;964.8166667; 1.3 ;1%
70.977.624/0001-49;FUNERARIA SANTA FE LTDA                 ;15; R$ 2,167.50 ; R$ 144.50 ;0.0%;0.0%;3113404;Caratinga;MG;718;750;87360;36.4; 1.3 ;8%
17.032.293/0001-91;HOSPITAL NOSSA SENHORA DO BRASIL        ;15; R$ 7,258.40 ; R$ 483.89 ;0.0%;0.0%;3105103;Bambuí;MG;369;500;23546;9.810833333; 1.3 ;8%
45.314.521/0001-51;REAL VALE SRVICO E ASSISTENCIA FUNERARIA;15; R$ 5,665.00 ; R$ 377.67 ;0.0%;0.0%;3546009;Santa Branca;SP;169;200;13975;5.822916667; 1.3 ;8%
34.979.581/0001-77;ASSUNCAO REMOCOES E TRANSLADO LTDA      ;15; R$ 5,150.00 ; R$ 343.33 ;0.0%;0.0%;3106200;Belo Horizonte;MG;495;500;2315560;964.8166667; 1.3 ;1%
45.104.213/0001-00;FUNERARIA SAO PAULO LTDA                ;15; R$ 4,200.00 ; R$ 280.00 ;0.0%;0.0%;3510609;Carapicuíba;SP;116;200;386984;161.2433333; 1.3 ;1%
57.496.320/0001-00;ABM FUNERARIA LTDA                      ;15; R$ 7,063.20 ; R$ 470.88 ;0.0%;0.0%;3552809;Taboão da Serra;SP;126;200;273542;113.9758333; 1.3 ;24%
49.115.694/0001-00;EMPRESA FUNERARIA PIRAJUENSE LTDA ME    ;15; R$ 4,800.00 ; R$ 320.00 ;0.0%;0.0%;3538808;Piraju;SP;214;300;29436;12.265; 1.3 ;8%
26.771.935/0001-65;GERALDO CARDOSO MIRANDA  110145358674   ;14; R$ 5,449.50 ; R$ 389.25 ;0.0%;0.0%;3114501;Carmópolis de Minas;MG;392;500;18003;7.50125; 1.2 ;32%
66.855.935/0001-68;66.855.935 ADRIANA DA SILVA DUARTE      ;14; R$ 4,229.70 ; R$ 302.12 ;0.0%;0.0%;4301909;Barra do Ribeiro;RS;1012;9999;12225;5.09375; 1.2 ;24%
37.058.132/0002-65;BIANCA DOS SANTOS SERVICOS FUNERARIOS   ;14; R$ 5,060.02 ; R$ 361.43 ;0.0%;0.0%;4318705;São Leopoldo;RS;954;1000;217409;90.58708333; 1.2 ;24%
10.969.649/0001-79;CLAUDIO ROGERIO DE SOUZA                ;13; R$ 5,473.00 ; R$ 421.00 ;0.0%;0.0%;3139904;Maria da Fé;MG;258;300;14247;5.93625; 1.1 ;24%
13.399.168/0002-44;FUNERARIA PAULINIA LTDA                 ;13; R$ 4,220.00 ; R$ 324.62 ;0.0%;0.0%;3536505;Paulínia;SP;50.9;100;110537;46.05708333; 1.1 ;8%
46.431.804/0001-46;VELATTUS ASSISTENCIA FUNERARIA LTDA     ;13; R$ 4,228.50 ; R$ 325.27 ;0.0%;0.0%;3550308;São Paulo;SP;116;200;11451999;4771.66625; 1.1 ;1%
01.884.270/0001-75;F V L NOBREGA E NOBREGA LTDA ME         ;13; R$ 3,770.00 ; R$ 290.00 ;0.0%;0.0%;3539301;Pirassununga;SP;45.6;100;73545;30.64375; 1.1 ;24%
40.667.665/0001-78;C. APARECIDA FREITAS CASSIMIRO          ;13; R$ 4,686.00 ; R$ 360.46 ;0.0%;0.0%;3124807;Estrela do Sul;MG;394;500;6840;2.85; 1.1 ;1%
18.523.320/0001-91;FUNERARIA XIMENES ASSISTENCIA E AUXILIO ;12; R$ 3,600.00 ; R$ 300.00 ;0.0%;0.0%;3525003;Jandira;SP;121;200;118045;49.18541667; 1.0 ;2%
59.331.157/0001-42;ESDRAS RODRIGUES JUNIOR ME              ;12; R$ 3,934.50 ; R$ 327.88 ;0.0%;0.0%;3541604;Promissão;SP;238;300;35131;14.63791667; 1.0 ;2%
06.067.035/0001-24;MABULO MUSTARDEIRO LTDA                 ;12; R$ 3,690.00 ; R$ 307.50 ;0.0%;0.0%;4303608;Cambará do Sul;RS;900;1000;6361;2.650416667; 1.0 ;24%
01.552.266/0001-00;MARANATA SERVICOS FUNERARIOS LTDA       ;12; R$ 4,120.00 ; R$ 343.33 ;0.0%;0.0%;3304557;Rio de Janeiro;RJ;417;500;6211223;2588.009583; 1.0 ;1%
02.626.702/0001-00;SONIA DALVA DE FREITAS ROSA             ;12; R$ 4,270.70 ; R$ 355.89 ;0.0%;0.0%;3130903;Inhapim;MG;740;750;22692;9.455; 1.0 ;2%
00.523.305/0001-88;ROBERTO BONANATA & CIA LTDA - ME        ;12; R$ 4,589.80 ; R$ 382.48 ;0.0%;0.0%;3546405;Santa Cruz do Rio Pardo;SP;206;300;46442;19.35083333; 1.0 ;8%
29.536.727/0001-70;PAX LAGOS ADMINISTRACAO SOCIAL DE LUTO L;11; R$ 3,735.00 ; R$ 339.55 ;0.0%;0.0%;3300704;Cabo Frio;RJ;520;750;222161;92.56708333; 0.9 ;24%
27.902.756/0001-82;FUNERARIA ETERNA SAUDADE LTDA           ;11; R$ 4,792.70 ; R$ 435.70 ;0.0%;0.0%;5208905;Goiás;GO;674;750;24071;10.02958333; 0.9 ;1%
22.803.899/0001-13;WEVERTON LOPES FERNANDES & CIA LTDA     ;11; R$ 3,325.56 ; R$ 302.32 ;0.0%;0.0%;3200169;Água Doce do Norte;ES;957;1000;12042;5.0175; 0.9 ;1%
39.226.311/0002-90;J R B COMERCIO DE ARTIGOS FUNERARIOS LTD;11; R$ 5,045.00 ; R$ 458.64 ;0.0%;0.0%;3302403;Macaé;RJ;552;750;246391;102.6629167; 0.9 ;1%
06.016.310/0001-80;JULIANA MARIA MENDONCA CORREA ME        ;11; R$ 3,630.00 ; R$ 330.00 ;0.0%;0.0%;3547304;Santana de Parnaíba;SP;114;200;154105;64.21041667; 0.9 ;8%
91.184.804/0001-43;ADEMAR RIVALDO TRINDADE                 ;11; R$ 4,184.00 ; R$ 380.36 ;0.0%;0.0%;4315305;Quaraí;RS;1319;9999;23500;9.791666667; 0.9 ;24%
57.133.251/0001-61;57.133.251 VINICIUS MARTINS GOMES SANTOS;11; R$ 5,407.30 ; R$ 491.57 ;0.0%;0.0%;3304557;Rio de Janeiro;RJ;417;500;6211223;2588.009583; 0.9 ;1%
07.123.214/0001-02;FUNERARIA BRAGA DE IGARAPE LTDA ME      ;11; R$ 4,235.00 ; R$ 385.00 ;0.0%;0.0%;3130101;Igarapé;MG;453;500;45847;19.10291667; 0.9 ;1%
17.661.596/0001-73;PAX DO BRASIL ADMINISTRACAO LTDA EPP    ;10; R$ 3,500.00 ; R$ 350.00 ;0.0%;0.0%;3103504;Araguari;MG;341;500;117808;49.08666667; 0.8 ;1%
33.630.942/0001-02;FUNERARIA RAINHA DA PAZ INVEST PLAN EIRE;10; R$ 3,957.00 ; R$ 395.70 ;0.0%;0.0%;3110004;Caeté;MG;548;750;38776;16.15666667; 0.8 ;1%
18.789.086/0001-49;PAZ E VIDA ASSISTENCIAL LTDA            ;10; R$ 3,500.00 ; R$ 350.00 ;0.0%;0.0%;3130101;Igarapé;MG;453;500;45847;19.10291667; 0.8 ;1%
45.790.817/0001-49;ADRIANO DE OLIVEIRA GALVAO 97276693015  ;10; R$ 3,300.06 ; R$ 330.01 ;0.0%;0.0%;4314506;Pinheiro Machado;RS;1249;9999;11214;4.6725; 0.8 ;24%
48.447.766/0001-45;FUNERARIA J R LTDA                      ;10; R$ 3,000.00 ; R$ 300.00 ;0.0%;0.0%;3303203;Nilópolis;RJ;396;500;146774;61.15583333; 0.8 ;1%
50.517.475/0001-28;J E FUNERARIA LTDA                      ;10; R$ 3,000.00 ; R$ 300.00 ;0.0%;0.0%;3524303;Jaboticabal;SP;140;200;71821;29.92541667; 0.8 ;1%
07.203.415/0001-01;FUNERARIA SANTA IZABEL DE LINS LTDA     ;10; R$ 3,740.00 ; R$ 374.00 ;0.0%;0.0%;3527108;Lins;SP;220;300;74779;31.15791667; 0.8 ;8%
50.748.961/0001-57;IZATTO E CIA LTDA - EPP                 ;10; R$ 3,890.00 ; R$ 389.00 ;0.0%;0.0%;3525300;Jaú;SP;105;200;133497;55.62375; 0.8 ;8%
04.300.082/0001-40;ASSISTENCIAL CACHOEIRO CEMITERIO PARQUE ;10; R$ 3,527.12 ; R$ 352.71 ;0.0%;0.0%;3201209;Cachoeiro de Itapemirim;ES;749;750;185786;77.41083333; 0.8 ;1%
01.440.035/0001-04;FUNERARIA E PAX SAO JERONIMO LTDA       ;10; R$ 3,500.00 ; R$ 350.00 ;0.0%;0.0%;5204508;Caldas Novas;GO;469;500;98622;41.0925; 0.8 ;1%
60.845.520/0001-27;60.845.520 ADAILTON ARAUJO SENA         ;10; R$ 3,300.00 ; R$ 330.00 ;0.0%;0.0%;3203056;Jaguaré;ES;1042;9999;28931;12.05458333; 0.8 ;8%
24.351.878/0001-30;EMPRESA FUNERARIA BARBIERI DE PORTO FELI;10; R$ 2,450.00 ; R$ 245.00 ;0.0%;0.0%;3540606;Porto Feliz;SP;85.1;100;56497;23.54041667; 0.8 ;8%
63.243.319/0001-68;FJ ASSISTENCIA FUNERARIA LTDA           ;10; R$ 3,000.00 ; R$ 300.00 ;0.0%;0.0%;3547304;Santana de Parnaíba;SP;114;200;154105;64.21041667; 0.8 ;1%
55.187.496/0001-46;FUNERARIA GUAIRA LTDA ME                ;10; R$ 3,000.00 ; R$ 300.00 ;0.0%;0.0%;3517406;Guaíra;SP;224;300;39279;16.36625; 0.8 ;8%
10.712.139/0001-11;PAX APARECIDA SERVICOS POSTUMOS LTDA.   ;10; R$ 3,090.00 ; R$ 309.00 ;0.0%;0.0%;5201405;Aparecida de Goiânia;GO;517;750;527796;219.915; 0.8 ;1%
32.232.079/0001-72;GENILSON GERMANO DA SILVA 30758392800   ;10; R$ 2,835.00 ; R$ 283.50 ;0.0%;0.0%;3518800;Guarulhos;SP;128;200;1291771;538.2379167; 0.8 ;2%
15.420.909/0001-76;PAF LAGOS ASSISTENCIAL FUNERARIA E PLANA;10; R$ 2,730.00 ; R$ 273.00 ;0.0%;0.0%;3301876;Iguaba Grande;RJ;499;500;27920;11.63333333; 0.8 ;1%
07.526.258/0001-75;FLC MARTINS SERVICOS FUNERARIOS LTDA    ;10; R$ 4,873.00 ; R$ 487.30 ;0.0%;0.0%;3304300;Rio Bonito;RJ;461;500;56276;23.44833333; 0.8 ;8%
76.396.159/0006-43;R. CZEZACKI & CIA LTDA                  ;10; R$ 3,150.00 ; R$ 315.00 ;0.0%;0.0%;3542602;Registro;SP;250;300;59947;24.97791667; 0.8 ;1%
00.086.217/0001-66;ZORAIDE BOCALON & CIA LTDA              ;10; R$ 3,500.00 ; R$ 350.00 ;0.0%;0.0%;4320503;Sertão;RS;753;1000;5541;2.30875; 0.8 ;24%
06.273.529/0001-65;ELDORADO ADMINISTRACAO SERVICOS POSTUMOS;10; R$ 2,730.00 ; R$ 273.00 ;0.0%;0.0%;5208806;Goianira;GO;566;750;71916;29.965; 0.8 ;1%
08.915.430/0001-45;ABREU DE SOUZA E OLIVEIRA LTDA ME       ;10; R$ 3,500.00 ; R$ 350.00 ;0.0%;0.0%;3169307;Três Corações;MG;263;300;75485;31.45208333; 0.8 ;1%
01.990.641/0001-01;PAX PIRESINA SERVICOS POSTUMOS LTDA     ;10; R$ 3,400.00 ; R$ 340.00 ;0.0%;0.0%;5217401;Pires do Rio;GO;495;500;32373;13.48875; 0.8 ;1%
32.916.168/0003-08;MEMORY FUNERAL HOUSE LTDA               ;10; R$ 4,050.00 ; R$ 405.00 ;0.0%;0.0%;3204708;São Gabriel da Palha;ES;974;1000;32252;13.43833333; 0.8 ;8%
14.709.028/0001-07;ARCA PLANOS DE ASSISTENCIA FUNERAL LTDA ;10; R$ 5,756.00 ; R$ 575.60 ;0.0%;0.0%;3536505;Paulínia;SP;50.9;100;110537;46.05708333; 0.8 ;8%
02.653.525/0003-13;PAX FUNERARIA SANTA FE LTDA             ;10; R$ 3,280.00 ; R$ 328.00 ;0.0%;0.0%;5204300;Caçu;GO;510;750;13774;5.739166667; 0.8 ;1%
02.784.693/0002-67;FUNERARIA JARDIM DA PAZ LTDA            ;10; R$ 2,900.00 ; R$ 290.00 ;0.0%;0.0%;4202453;Bombinhas;SC;619;750;25058;10.44083333; 0.8 ;24%
34.883.910/0001-81;BOM PASTOR SERVICOS FUNERARIOS E ASSISTE;10; R$ 3,500.00 ; R$ 350.00 ;0.0%;0.0%;3201308;Cariacica;ES;852;1000;353491;147.2879167; 0.8 ;3%
43.401.801/0001-71;EMPRESA FUNERARIA TAMOIOS LTDA - ME     ;10; R$ 3,300.00 ; R$ 330.00 ;0.0%;0.0%;3534609;Osvaldo Cruz;SP;318;500;31272;13.03; 0.8 ;8%
01.106.663/0002-39;MARIA HELENA FERNANDES DOS REIS         ;10; R$ 3,925.00 ; R$ 392.50 ;0.0%;0.0%;5201702;Aragarças;GO;869;1000;18390;7.6625; 0.8 ;8%
03.273.973/0001-92;FUNERARIA E PLANO FUNERAL RIO NOVO LTDA ;10; R$ 3,960.00 ; R$ 396.00 ;0.0%;0.0%;3155405;Rio Novo;MG;543;750;8518;3.549166667; 0.8 ;1%
04.111.327/0001-91;DILMAR DE MAMAN                         ;10; R$ 3,500.00 ; R$ 350.00 ;0.0%;0.0%;4302709;Butiá;RS;1022;9999;19084;7.951666667; 0.8 ;24%
53.621.918/0001-14;FUNERARIA SANTA ADELIA LTDA ME          ;10; R$ 7,347.00 ; R$ 734.70 ;0.0%;0.0%;3545605;Santa Adélia;SP;161;200;14018;5.840833333; 0.8 ;2%
26.256.826/0001-00;ANTONIO ROBERTO PIMENTEL FUNERARIA ME   ;10; R$ 3,614.40 ; R$ 361.44 ;0.0%;0.0%;3111606;Campos Gerais;MG;264;300;26105;10.87708333; 0.8 ;8%
27.299.759/0001-73;CASA FUNERARIA LYRIO                    ;10; R$ 4,565.00 ; R$ 456.50 ;0.0%;0.0%;3303708;Paraíba do Sul;RJ;433;500;42063;17.52625; 0.8 ;1%
04.130.438/0001-45;MEMORIAL BAURU NECROPOLE ECUMENICA VERTI;10; R$ 4,334.00 ; R$ 433.40 ;0.0%;0.0%;3506003;Bauru;SP;149;200;379146;157.9775; 0.8 ;24%
30.250.041/0001-05;J. M. SOARES & CIA LTDA                 ;10; R$ 3,500.00 ; R$ 350.00 ;0.0%;0.0%;4317004;Santana da Boa Vista;RS;1135;9999;7024;2.926666667; 0.8 ;24%
02.535.748/0001-14;PAX REAL ADMINISTRACAO DE SERVICOS POSTU;10; R$ 2,730.00 ; R$ 273.00 ;0.0%;0.0%;5218805;Rio Verde;GO;575;750;225696;94.04; 0.8 ;8%
18.079.224/0001-04;WAGNER GONCALVES 02732837660            ;10; R$ 3,200.00 ; R$ 320.00 ;0.0%;0.0%;3108008;Bom Sucesso;MG;368;500;17151;7.14625; 0.8 ;24%
52.871.123/0001-00;MARCELO COITINHO DOS SANTOS LTDA        ;10; R$ 3,500.00 ; R$ 350.00 ;0.0%;0.0%;4301602;Bagé;RS;1215;9999;117938;49.14083333; 0.8 ;24%
93.383.883/0001-47;IRAN PRADO PIRES ME                     ;10; R$ 3,715.00 ; R$ 371.50 ;0.0%;0.0%;4311106;Jaguari;RS;1122;9999;10579;4.407916667; 0.8 ;24%
00.003.119/0001-18;FUNERARIA ARACA LTDA ME                 ;10; R$ 3,465.00 ; R$ 346.50 ;0.0%;0.0%;3541307;Presidente Epitácio;SP;418;500;39505;16.46041667; 0.8 ;1%
00.499.660/0001-69;FUNERARIA ESTRELA DA MANHA LTDA         ;10; R$ 3,150.10 ; R$ 315.01 ;0.0%;0.0%;3304557;Rio de Janeiro;RJ;417;500;6211223;2588.009583; 0.8 ;1%
05.790.023/0001-60;LUCAS CESAR RIBEIRO VELORIO ME          ;10; R$ 2,450.00 ; R$ 245.00 ;0.0%;0.0%;3538006;Pindamonhangaba;SP;207;300;165428;68.92833333; 0.8 ;1%
02.734.490/0001-85;FUNERARIA SANTA SOFIA DE SEROPEDICA LTDA;10; R$ 3,000.00 ; R$ 300.00 ;0.0%;0.0%;3305554;Seropédica;RJ;373;500;80596;33.58166667; 0.8 ;8%
00.202.026/0001-12;EMPRESA FUNERARIA BARBIERI DE CABREUVA L;10; R$ 2,450.00 ; R$ 245.00 ;0.0%;0.0%;3508405;Cabreúva;SP;100;100;47011;19.58791667; 0.8 ;8%
32.158.981/0001-96;SHIRLEI DE SALES RODRIGUES 22443972895  ;10; R$ 2,508.00 ; R$ 250.80 ;0.0%;0.0%;3548708;São Bernardo do Campo;SP;144;200;810729;337.80375; 0.8 ;1%
02.119.884/0001-23;IRMAOS OLIVEIRA DRACENA LTDA            ;9; R$ 3,150.00 ; R$ 350.00 ;0.0%;0.0%;3514403;Dracena;SP;376;500;45474;18.9475; 0.8 ;32%
64.348.456/0001-20;NOVA VIDA ASSISTENCIA FAMILIAR LTDA     ;9; R$ 4,747.00 ; R$ 527.44 ;0.0%;0.0%;3301157;Cardoso Moreira;RJ;662;750;12958;5.399166667; 0.8 ;8%
45.759.053/0001-29;JOAO ALVES DA SILVA 51094363987         ;9; R$ 3,150.00 ; R$ 350.00 ;0.0%;0.0%;3151701;Poço Fundo;MG;228;300;16390;6.829166667; 0.8 ;2%
44.222.176/0001-63;FABIO MALHEIROS ORDINE                  ;8; R$ 2,000.00 ; R$ 250.00 ;0.0%;0.0%;3523404;Itatiba;SP;80.4;100;121590;50.6625; 0.7 ;1%
38.234.408/0001-09;KARINA SILVA PEREIRA 50122733894        ;8; R$ 3,287.50 ; R$ 410.94 ;0.0%;0.0%;3509700;Campos do Jordão;SP;229;300;46974;19.5725; 0.7 ;24%
01.125.953/0001-49;ORGANIZACAO SOCIAL DE LUTO BOSQUETTI LTD;8; R$ 2,640.00 ; R$ 330.00 ;0.0%;0.0%;3156908;Sacramento;MG;256;300;26670;11.1125; 0.7 ;1%
09.559.315/0001-48;FUNERARIA FSJ LTDA ME                   ;8; R$ 3,222.00 ; R$ 402.75 ;0.0%;0.0%;3112000;Candeias;MG;368;500;14001;5.83375; 0.7 ;24%
45.880.162/0001-08;FUNERARIA PAX DE ITABIRITO LTDA         ;8; R$ 3,794.00 ; R$ 474.25 ;0.0%;0.0%;3131901;Itabirito;MG;542;750;53365;22.23541667; 0.7 ;1%
61.971.011/0001-03;61.971.011 MARCOS VINICIUS XAVIER CRUZ  ;8; R$ 2,845.00 ; R$ 355.63 ;0.0%;0.0%;3552403;Sumaré;SP;43.9;100;279545;116.4770833; 0.7 ;8%
01.275.013/0001-36;SOCIEDADE MUTUARIA NOVA VIDA SC LTDA ME ;8; R$ 2,554.70 ; R$ 319.34 ;0.0%;0.0%;3553401;Tanabi;SP;236;300;25265;10.52708333; 0.7 ;48%
21.758.605/0001-16;FUNERARIA MEDI E ASSISTENCIA FAMILIAR LT;8; R$ 3,319.97 ; R$ 415.00 ;0.0%;0.0%;4213500;Porto Belo;SC;611;750;27688;11.53666667; 0.7 ;24%
57.307.541/0001-84;FUNERARIA SANTA CRUZ DE MINAS LTDA      ;8; R$ 3,040.00 ; R$ 380.00 ;0.0%;0.0%;3157336;Santa Cruz de Minas;MG;419;500;8109;3.37875; 0.7 ;24%
00.970.718/0001-00;FUNERARIA BOM PASTOR LTDA               ;7; R$ 2,594.90 ; R$ 370.70 ;0.0%;0.0%;3132404;Itajubá;MG;219;300;93073;38.78041667; 0.6 ;1%
60.181.178/0001-08;DANIEL SANTOS COSTA FUNERARIA LTDA      ;7; R$ 2,541.00 ; R$ 363.00 ;0.0%;0.0%;3305208;São Pedro da Aldeia;RJ;508;750;104029;43.34541667; 0.6 ;1%
02.533.816/0001-06;ML SERVICOS CONGENERES FUNERARIOS BOM PA;7; R$ 3,016.90 ; R$ 430.99 ;0.0%;0.0%;3146107;Ouro Preto;MG;591;750;74821;31.17541667; 0.6 ;1%
06.030.900/0001-68;CEMITERIO E CREMATORIO PARQUE DAS FLORES;7; R$ 6,750.00 ; R$ 964.29 ;0.0%;0.0%;3549904;São José dos Campos;SP;167;200;697054;290.4391667; 0.6 ;24%
01.249.216/0001-58;MARLENE LEONEL DO NASCIMENTO SOUZA-ME   ;7; R$ 2,715.00 ; R$ 387.86 ;0.0%;0.0%;3111200;Campo Belo;MG;356;500;52277;21.78208333; 0.6 ;1%
00.058.410/0001-93;CONCESSIONARIA DE SERVICOS FUNERARIOS RE;7; R$ 4,940.00 ; R$ 705.71 ;0.0%;0.0%;3302502;Magé;RJ;423;500;228127;95.05291667; 0.6 ;24%
01.170.037/0001-20;FUNERARIA MOCOCA LTDA                   ;6; R$ 1,504.80 ; R$ 250.80 ;0.0%;0.0%;3530508;Mococa;SP;117;200;67681;28.20041667; 0.5 ;1%
04.635.544/0001-80;SOUZA E POLAQUINI LTDA ME               ;6; R$ 1,750.00 ; R$ 291.67 ;0.0%;0.0%;3507902;Brotas;SP;67.7;100;23898;9.9575; 0.5 ;1%
05.033.970/0001-07;SILVA & QUADROS LTDA ME                 ;6; R$ 2,430.21 ; R$ 405.04 ;0.0%;0.0%;3200201;Alegre;ES;713;750;29177;12.15708333; 0.5 ;8%
28.141.190/0001-86;IRM SANTA CASA MISERICORDIA DE VITORIA  ;6; R$ 2,072.40 ; R$ 345.40 ;0.0%;0.0%;3205309;Vitória;ES;857;1000;322869;134.52875; 0.5 ;1%
10.537.807/0001-11;JOSE FERNANDO ALVES BERNARDINHO ME      ;6; R$ 2,725.00 ; R$ 454.17 ;0.0%;0.0%;3511102;Catanduva;SP;170;200;115791;48.24625; 0.5 ;1%
56.155.260/0001-90;ANTONIO NELSON PARROS ME                ;6; R$ 3,360.00 ; R$ 560.00 ;0.0%;0.0%;3548906;São Carlos;SP;60.2;100;254857;106.1904167; 0.5 ;1%
10.904.769/0001-98;FUNERARIA GV LTDA                       ;6; R$ 2,475.00 ; R$ 412.50 ;0.0%;0.0%;3127701;Governador Valadares;MG;789;1000;257171;107.1545833; 0.5 ;1%
39.363.764/0001-87;JONES BRANDINO DOS SANTOS FILHO 40880804;6; R$ 1,946.50 ; R$ 324.42 ;0.0%;0.0%;3557303;Estiva Gerbi;SP;61.7;100;11295;4.70625; 0.5 ;1%
11.270.628/0001-23;ARLENE DOS SANTOS MINEIRO - ME          ;6; R$ 1,980.00 ; R$ 330.00 ;0.0%;0.0%;3538501;Piquete;SP;249;300;12490;5.204166667; 0.5 ;1%
61.132.997/0001-28;REDE UNIPAZ ESTANCIAS LTDA              ;6; R$ 1,660.00 ; R$ 276.67 ;0.0%;0.0%;3505906;Batatais;SP;147;200;58402;24.33416667; 0.5 ;1%
66.952.292/0001-70;SILVIA MARIA CANDIDO LTDA               ;6; R$ 1,740.00 ; R$ 290.00 ;0.0%;0.0%;3530706;Mogi Guaçu;SP;55.6;100;153658;64.02416667; 0.5 ;1%
39.823.927/0001-67;FUNERARIA CRUZ ETERNA SERV POSTUMOS LTDA;6; R$ 2,829.90 ; R$ 471.65 ;0.0%;0.0%;3201308;Cariacica;ES;852;1000;353491;147.2879167; 0.5 ;1%
87.333.787/0004-34;ARTEFATOS DE CIMENTO SAO CRISTOVAO LTDA ;6; R$ 2,450.01 ; R$ 408.34 ;0.0%;0.0%;4320909;Tapejara;RS;784;1000;24557;10.23208333; 0.5 ;24%
05.339.266/0001-87;FUNERARIA SUPREMA LTDA                  ;6; R$ 1,620.00 ; R$ 270.00 ;0.0%;0.0%;4313060;Nova Hartz;RS;972;1000;20088;8.37; 0.5 ;24%
51.216.557/0001-03;51.216.557 JULIO CESAR GONCALVES        ;6; R$ 2,387.00 ; R$ 397.83 ;0.0%;0.0%;3118601;Contagem;MG;485;500;621863;259.1095833; 0.5 ;1%
05.782.939/0001-79;L C DE OLIVEIRA CANDIDO ME              ;6; R$ 1,710.00 ; R$ 285.00 ;0.0%;0.0%;3550803;São Sebastião da Grama;SP;126;200;10441;4.350416667; 0.5 ;1%
09.123.536/0001-79;RONE DE PAIVA FERNANDES                 ;6; R$ 2,879.00 ; R$ 479.83 ;0.0%;0.0%;3150802;Piranga;MG;571;750;17018;7.090833333; 0.5 ;1%
23.484.474/0001-51;AMARE GESTAO DE PROCESSOS LTDA EPP      ;6; R$ 3,534.00 ; R$ 589.00 ;0.0%;0.0%;3502754;Araçariguama;SP;109;200;21522;8.9675; 0.5 ;1%
01.439.579/0001-56;FLOR DE LIS SERVICOS POSTUMOS LTDA      ;6; R$ 1,968.00 ; R$ 328.00 ;0.0%;0.0%;5208707;Goiânia;GO;534;750;1437366;598.9025; 0.5 ;1%
01.713.030/0001-08;CLINICA DE TANATOPRAXIA E FUNERARIA LIMA;6; R$ 2,574.00 ; R$ 429.00 ;0.0%;0.0%;5206206;Cristalina;GO;512;750;62337;25.97375; 0.5 ;1%
71.984.975/0001-40;EMPRESA FUNERARIA RESSURREICAO LTDA ME  ;5; R$ 2,190.00 ; R$ 438.00 ;0.0%;0.0%;3506102;Bebedouro;SP;166;200;76373;31.82208333; 0.4 ;2%
06.258.619/0001-87;FUNERARIA CORACAO DE JESUS LTDA         ;5; R$ 3,817.00 ; R$ 763.40 ;0.0%;0.0%;3149309;Pedro Leopoldo;MG;527;750;62580;26.075; 0.4 ;1%
17.985.980/0001-21;JOCIVALDO CANDIDO DE LIMA 06813269801   ;5; R$ 1,650.00 ; R$ 330.00 ;0.0%;0.0%;3547304;Santana de Parnaíba;SP;114;200;154105;64.21041667; 0.4 ;8%
42.492.613/0001-33;JOSE ANTONIO DE OLIVEIRA ANDRE SERVICOS ;5; R$ 1,784.00 ; R$ 356.80 ;0.0%;0.0%;3530805;Mogi Mirim;SP;50;100;92558;38.56583333; 0.4 ;1%
58.554.113/0001-19;SANTO EDHEM FUNERAL SERVICE LTDA        ;5; R$ 1,935.00 ; R$ 387.00 ;0.0%;0.0%;3539806;Poá;SP;149;200;103765;43.23541667; 0.4 ;24%
42.968.545/0001-36;FUNERARIA FRUTALENSE LTDA               ;5; R$ 2,721.50 ; R$ 544.30 ;0.0%;0.0%;3127107;Frutal;MG;248;300;58588;24.41166667; 0.4 ;1%
73.077.778/0001-72;BRACALENTE E BRACALENTE LTDA ME         ;5; R$ 3,909.50 ; R$ 781.90 ;0.0%;0.0%;3556206;Valinhos;SP;67.1;100;126373;52.65541667; 0.4 ;8%
07.908.880/0001-48;ORGANIZACAO FUNERARIA ANJO LTDA ME      ;5; R$ 1,952.50 ; R$ 390.50 ;0.0%;0.0%;3543709;Rincão;SP;114;200;9098;3.790833333; 0.4 ;1%
00.937.800/0001-33;FLAMIL COMERCIO E SERVICOS FUNERARIOS LT;5; R$ 2,300.00 ; R$ 460.00 ;0.0%;0.0%;3504107;Atibaia;SP;103;200;158647;66.10291667; 0.4 ;1%
28.473.346/0001-26;R PIZETA E CIA LTDA                     ;5; R$ 2,799.50 ; R$ 559.90 ;0.0%;0.0%;3201209;Cachoeiro de Itapemirim;ES;749;750;185786;77.41083333; 0.4 ;1%
22.077.315/0002-50;ORGANIZACAO DE LUTO UNIAO LTDA          ;4; R$ 1,807.50 ; R$ 451.88 ;0.0%;0.0%;3158300;Santana da Vargem;MG;302;500;6691;2.787916667; 0.3 ;24%
44.998.016/0001-00;INSTITUTO MISSAO GUADALUPE CAMPINAS     ;4; R$ 1,500.00 ; R$ 375.00 ;0.0%;0.0%;3509502;Campinas;SP;56;100;1139047;474.6029167; 0.3 ;24%
53.467.999/0001-40;EMPRESA FUNERARIA AMERICANA MAO AMIGA  L;3; R$ 5,800.00 ; R$ 1,933.33 ;0.0%;0.0%;3501608;Americana;SP;34.1;100;237240;98.85; 0.3 ;8%
41.832.891/0001-20;FELIPE ELCIO DIAS ELSIO                 ;3; R$ 2,416.00 ; R$ 805.33 ;0.0%;0.0%;3169901;Ubá;MG;586;750;103365;43.06875; 0.3 ;24%
51.018.156/0001-30;MARIA HELENA RIZZATTO AFONSO            ;3; R$ 1,061.50 ; R$ 353.83 ;0.0%;0.0%;3523602;Itirapina;SP;45.8;100;16148;6.728333333; 0.3 ;1%
01.710.668/0001-95;FUNERARIA MARCELO ALEMAO LTDA           ;3; R$ 975.00 ; R$ 325.00 ;0.0%;0.0%;3529302;Matão;SP;113;200;79033;32.93041667; 0.3 ;1%
02.065.043/0001-80;R V DA SILVA O GOIANO                   ;2; R$ 1,113.20 ; R$ 556.60 ;0.0%;0.0%;5215207;Novo Brasil;GO;713;750;3527;1.469583333; 0.2 ;1%
62.520.522/0001-71;62.520.522 CRISTHOPHER HENRIQUE ALBUQUER;2; R$ 690.00 ; R$ 345.00 ;0.0%;0.0%;3523602;Itirapina;SP;45.8;100;16148;6.728333333; 0.2 ;24%
52.713.072/0001-80;ALLIANCE ASSIST ADMINISTRADORA DE PLANOS;2; R$ 759.00 ; R$ 379.50 ;0.0%;0.0%;3503307;Araras;SP;18;100;130866;54.5275; 0.2 ;1%
51.972.001/0001-39;51.972.001 WELLISON RICARDO MILITAO     ;2; R$ 462.00 ; R$ 231.00 ;0.0%;0.0%;3552403;Sumaré;SP;43.9;100;279545;116.4770833; 0.2 ;24%
47.793.882/0001-53;SOUZA & EMILIANO LTDA                   ;2; R$ 520.00 ; R$ 260.00 ;0.0%;0.0%;3547007;Santa Maria da Serra;SP;78.3;100;5243;2.184583333; 0.2 ;1%
129.768.711-67;VITOR DOMINGOS ABELHA DA SILV           ;1; R$ 260.00 ; R$ 260.00 ;0.0%;0.0%;5208905;Goiás;GO;674;750;24071;10.02958333; 0.1 ;8%
18.078.495/0001-37;FUNERARIA NOVA CANAA LTDA ME            ;1; R$ 709.50 ; R$ 709.50 ;0.0%;0.0%;3515152;Engenheiro Coelho;SP;26.7;100;19566;8.1525; 0.1 ;1%
07.577.895/0001-70;JM FERNANDES - PLANO DE ASSISTENCIA FAMI;1; R$ 748.00 ; R$ 748.00 ;0.0%;0.0%;3515103;Embu-Guaçu;SP;157;200;66970;27.90416667; 0.1 ;1%
65.345.248/0001-30;65.345.248 EDILSON GABATEL              ;1; R$ 300.00 ; R$ 300.00 ;0.0%;0.0%;3526902;Limeira;SP;16.6;100;291869;121.6120833; 0.1 ;24%
49.267.392/0001-49;BELLAVITA - CLINICA DE PREPARACAO DE COR;1; R$ 341.00 ; R$ 341.00 ;0.0%;0.0%;3505500;Barretos;SP;196;200;122485;51.03541667; 0.1 ;8%
255.067.898-23;RONALDO GOMES                           ;1; R$ 800.00 ; R$ 800.00 ;0.0%;0.0%;3526902;Limeira;SP;16.6;100;291869;121.6120833; 0.1 ;24%
302.097.398-86;RICARDO MINORU MARUTA                   ;1; R$ 750.00 ; R$ 750.00 ;0.0%;0.0%;3550308;São Paulo;SP;116;200;11451999;4771.66625; 0.1 ;1%
07.216.464/0001-89;FUNERARIA NOVA ALIANCA LTDA ME          ;1; R$ 418.00 ; R$ 418.00 ;0.0%;0.0%;3503307;Araras;SP;18;100;130866;54.5275; 0.1 ;1%
37.763.832/0001-70;KGR SELOS MECANICOS LTDA                ;1; R$ 600.00 ; R$ 600.00 ;0.0%;0.0%;3552403;Sumaré;SP;43.9;100;279545;116.4770833; 0.1 ;8%
